,userId,max_wp_ap@3,max_wp_ap@5,max_wp_ap@10,max_wp_rr@3,max_wp_rr@5,max_wp_rr@10,cos_ns_ap@3,cos_ns_ap@5,cos_ns_ap@10,cos_ns_rr@3,cos_ns_rr@5,cos_ns_rr@10,cos_ls_ap@3,cos_ls_ap@5,cos_ls_ap@10,cos_ls_rr@3,cos_ls_rr@5,cos_ls_rr@10,cos_sk_ap@3,cos_sk_ap@5,cos_sk_ap@10,cos_sk_rr@3,cos_sk_rr@5,cos_sk_rr@10
0,1,0,0,0.0143,0,0,0.1429,0,0,0.0167,0,0,0.1667,0,0.05,0.0472,0,0.25,0.25,0,0,0.0125,0,0,0.125
0,2,0.3333,0.3,0.2571,1.0,1.0,1.0,0.3333,0.3,0.1875,1.0,1.0,1.0,0,0.04,0.0867,0,0.2,0.2,0.3333,0.3,0.15,1.0,1.0,1.0
0,3,0.3333,0.3,0.2319,1.0,1.0,1.0,0.6667,0.71,0.505,1.0,1.0,1.0,1.0,0.8,0.6242,1.0,1.0,1.0,0.6667,0.52,0.5509,1.0,1.0,1.0
0,4,0.1111,0.1467,0.0733,0.3333,0.3333,0.3333,0.1111,0.0667,0.0333,0.3333,0.3333,0.3333,0.1111,0.0667,0.0556,0.3333,0.3333,0.3333,0,0.05,0.025,0,0.25,0.25
0,5,0.1667,0.18,0.1729,0.5,0.5,0.5,0.1667,0.1,0.1083,0.5,0.5,0.5,0.1667,0.1,0.1083,0.5,0.5,0.5,0,0.05,0.025,0,0.25,0.25
0,6,0.3333,0.2,0.1,1.0,1.0,1.0,0,0,0.0143,0,0,0.1429,0,0.0,0.0,0,0.0,0.0,0,0,0.0,0,0,0.0
0,7,0.1111,0.1667,0.0833,0.3333,0.3333,0.3333,0.1667,0.1,0.05,0.5,0.5,0.5,0.1667,0.1,0.05,0.5,0.5,0.5,0.1667,0.1,0.05,0.5,0.5,0.5
0,8,0.6667,0.4,0.2429,1.0,1.0,1.0,0,0,0.0,0,0,0.0,0,0.0,0.0111,0,0.0,0.1111,0,0,0.0,0,0,0.0
0,9,0,0.05,0.025,0,0.25,0.25,0.1667,0.2,0.1,0.5,0.5,0.5,0,0.04,0.0422,0,0.2,0.2,0.1667,0.2,0.1375,0.5,0.5,0.5
0,10,0.1111,0.2867,0.1433,0.3333,0.3333,0.3333,0.3333,0.3,0.3863,1.0,1.0,1.0,0.3889,0.2333,0.19,0.5,0.5,0.5,0.6667,0.52,0.31,1.0,1.0,1.0
0,11,1.0,0.8,0.6361,1.0,1.0,1.0,0.3333,0.42,0.2767,1.0,1.0,1.0,0.6667,0.52,0.3981,1.0,1.0,1.0,0.3333,0.42,0.2671,1.0,1.0,1.0
0,12,0.6667,0.4,0.2944,1.0,1.0,1.0,0.5556,0.6433,0.4598,1.0,1.0,1.0,0.5556,0.4533,0.413,1.0,1.0,1.0,0.5556,0.6433,0.4598,1.0,1.0,1.0
0,13,0.5556,0.3333,0.2567,1.0,1.0,1.0,0.6667,0.52,0.3671,1.0,1.0,1.0,0.5556,0.4533,0.3463,1.0,1.0,1.0,0.3333,0.3,0.2373,1.0,1.0,1.0
0,14,0.5556,0.3333,0.2595,1.0,1.0,1.0,0,0.05,0.0583,0,0.25,0.25,0,0.0,0.01,0,0.0,0.1,0.1667,0.1,0.07,0.5,0.5,0.5
0,15,0.3333,0.2,0.1,1.0,1.0,1.0,0.1667,0.1,0.075,0.5,0.5,0.5,0.3333,0.2,0.1,1.0,1.0,1.0,0.1667,0.1,0.05,0.5,0.5,0.5
0,16,0,0,0.0,0,0,0.0,0,0.04,0.02,0,0.2,0.2,0,0.05,0.025,0,0.25,0.25,0,0,0.01,0,0,0.1
0,17,1.0,0.76,0.38,1.0,1.0,1.0,0,0.04,0.02,0,0.2,0.2,0,0.0,0.0417,0,0.0,0.1667,0,0.04,0.02,0,0.2,0.2
0,19,0.3333,0.2,0.1286,1.0,1.0,1.0,0,0.04,0.02,0,0.2,0.2,0.1667,0.1,0.05,0.5,0.5,0.5,0,0.05,0.025,0,0.25,0.25
0,20,0.1667,0.18,0.09,0.5,0.5,0.5,0.1111,0.0667,0.0619,0.3333,0.3333,0.3333,0,0.05,0.0583,0,0.25,0.25,0,0,0.0389,0,0,0.1667
0,21,0.3333,0.2,0.2019,1.0,1.0,1.0,0.3333,0.28,0.14,1.0,1.0,1.0,0.1667,0.1,0.05,0.5,0.5,0.5,0.3333,0.28,0.17,1.0,1.0,1.0
0,22,0,0.05,0.045,0,0.25,0.25,0.3889,0.2333,0.1167,0.5,0.5,0.5,0.5556,0.3333,0.1667,1.0,1.0,1.0,0.1111,0.1667,0.0833,0.3333,0.3333,0.3333
0,23,0.1667,0.1,0.07,0.5,0.5,0.5,0.3333,0.2,0.1,1.0,1.0,1.0,0.1667,0.1,0.075,0.5,0.5,0.5,0.3333,0.2,0.125,1.0,1.0,1.0
0,24,0.6667,0.55,0.4477,1.0,1.0,1.0,0.1667,0.1,0.05,0.5,0.5,0.5,0.1111,0.0667,0.0619,0.3333,0.3333,0.3333,0,0.04,0.02,0,0.2,0.2
0,25,0.5556,0.4833,0.3798,1.0,1.0,1.0,0,0,0.0417,0,0,0.1667,0,0.0,0.01,0,0.0,0.1,0,0.05,0.05,0,0.25,0.25
0,27,0.5556,0.3333,0.2095,1.0,1.0,1.0,0.1667,0.1,0.0722,0.5,0.5,0.5,0.1667,0.2,0.1375,0.5,0.5,0.5,0.1667,0.1,0.0786,0.5,0.5,0.5
0,28,0.3333,0.2,0.1522,1.0,1.0,1.0,0,0,0.0,0,0,0.0,0.1111,0.1667,0.1333,0.3333,0.3333,0.3333,0,0,0.01,0,0,0.1
0,30,0.6667,0.52,0.26,1.0,1.0,1.0,0,0.05,0.025,0,0.25,0.25,0.3333,0.2,0.1,1.0,1.0,1.0,0,0,0.0167,0,0,0.1667
0,31,1.0,0.6,0.4196,1.0,1.0,1.0,0.3889,0.2333,0.15,0.5,0.5,0.5,0.3333,0.28,0.17,1.0,1.0,1.0,0.5556,0.3333,0.1667,1.0,1.0,1.0
0,32,0,0.04,0.0422,0,0.2,0.2,0,0.05,0.0536,0,0.25,0.25,0,0.04,0.0786,0,0.2,0.2,0,0.05,0.045,0,0.25,0.25
0,33,0.5556,0.3333,0.1667,1.0,1.0,1.0,0.6667,0.4,0.2375,1.0,1.0,1.0,0.5556,0.3333,0.2495,1.0,1.0,1.0,0.6667,0.4,0.2,1.0,1.0,1.0
0,35,0.3333,0.2,0.1583,1.0,1.0,1.0,0.6667,0.4,0.2,1.0,1.0,1.0,0.5556,0.3333,0.1667,1.0,1.0,1.0,0.6667,0.4,0.2,1.0,1.0,1.0
0,37,0.5556,0.4833,0.2417,1.0,1.0,1.0,0.1111,0.1667,0.1208,0.3333,0.3333,0.3333,0,0.04,0.1406,0,0.2,0.2,0,0,0.0647,0,0,0.125
0,38,0,0,0.0143,0,0,0.1429,0,0.05,0.0472,0,0.25,0.25,0,0.0,0.0,0,0.0,0.0,0,0.04,0.02,0,0.2,0.2
0,39,0.1111,0.1467,0.1467,0.3333,0.3333,0.3333,0,0,0.0365,0,0,0.1429,0,0.04,0.02,0,0.2,0.2,0.3333,0.2,0.1,1.0,1.0,1.0
0,40,0,0,0.0143,0,0,0.1429,0,0,0.01,0,0,0.1,0,0.0,0.01,0,0.0,0.1,0,0,0.0,0,0,0.0
0,41,0.1111,0.1467,0.1108,0.3333,0.3333,0.3333,0,0,0.0,0,0,0.0,0,0.0,0.0125,0,0.0,0.125,0,0,0.0,0,0,0.0
0,42,0.3333,0.3,0.15,1.0,1.0,1.0,0,0,0.0,0,0,0.0,0,0.0,0.0347,0,0.0,0.125,0,0,0.0125,0,0,0.125
0,44,0,0,0.0452,0,0,0.1667,0,0.04,0.0722,0,0.2,0.2,0,0.05,0.0958,0,0.25,0.25,0,0,0.0167,0,0,0.1667
0,45,0,0.04,0.02,0,0.2,0.2,0,0.05,0.025,0,0.25,0.25,0,0.04,0.0533,0,0.2,0.2,0,0.04,0.02,0,0.2,0.2
0,46,0.1667,0.2,0.1,0.5,0.5,0.5,0.1111,0.0667,0.0333,0.3333,0.3333,0.3333,0,0.0,0.0125,0,0.0,0.125,0.1111,0.0667,0.0333,0.3333,0.3333,0.3333
0,47,0.1667,0.1,0.0786,0.5,0.5,0.5,0.1111,0.0667,0.0333,0.3333,0.3333,0.3333,0.1111,0.0667,0.0333,0.3333,0.3333,0.3333,0.3333,0.2,0.1286,1.0,1.0,1.0
0,48,0.5556,0.3333,0.1667,1.0,1.0,1.0,0.3333,0.3,0.3127,1.0,1.0,1.0,0.3333,0.2,0.1286,1.0,1.0,1.0,0.6667,0.55,0.3194,1.0,1.0,1.0
0,49,0.6667,0.4,0.2,1.0,1.0,1.0,0,0,0.01,0,0,0.1,0,0.0,0.0125,0,0.0,0.125,0,0,0.0,0,0,0.0
0,50,0.3333,0.2,0.1286,1.0,1.0,1.0,0,0,0.0,0,0,0.0,0,0.0,0.0,0,0.0,0.0,0,0,0.0,0,0,0.0
0,51,0,0.04,0.02,0,0.2,0.2,0,0,0.0,0,0,0.0,0,0.0,0.0,0,0.0,0.0,0,0.04,0.02,0,0.2,0.2
0,52,0.3333,0.28,0.1733,1.0,1.0,1.0,0.3333,0.3,0.2,1.0,1.0,1.0,0.1111,0.2867,0.1433,0.3333,0.3333,0.3333,0.5556,0.3333,0.2167,1.0,1.0,1.0
0,53,0.3333,0.28,0.1733,1.0,1.0,1.0,0.5556,0.3333,0.1667,1.0,1.0,1.0,0.3333,0.2,0.1222,1.0,1.0,1.0,0.3333,0.2,0.1222,1.0,1.0,1.0
0,55,0.6667,0.55,0.275,1.0,1.0,1.0,0.6667,0.52,0.4422,1.0,1.0,1.0,0.6667,0.52,0.3892,1.0,1.0,1.0,0.6667,0.52,0.3822,1.0,1.0,1.0
0,56,0.5556,0.4533,0.3211,1.0,1.0,1.0,0.3889,0.2333,0.1467,0.5,0.5,0.5,0.1111,0.1667,0.1208,0.3333,0.3333,0.3333,0,0,0.0347,0,0,0.125
0,57,0,0,0.0125,0,0,0.125,0,0,0.0125,0,0,0.125,0,0.0,0.0143,0,0.0,0.1429,0,0,0.0125,0,0,0.125
0,58,0,0.04,0.04,0,0.2,0.2,0,0,0.01,0,0,0.1,0,0.0,0.0367,0,0.0,0.1667,0,0,0.0,0,0,0.0
0,59,0,0.05,0.025,0,0.25,0.25,0.3333,0.2,0.1522,1.0,1.0,1.0,0,0.04,0.02,0,0.2,0.2,0.1667,0.1,0.07,0.5,0.5,0.5
0,60,0.6667,0.52,0.26,1.0,1.0,1.0,0.6667,0.4,0.2,1.0,1.0,1.0,0.6667,0.4,0.2,1.0,1.0,1.0,0.6667,0.4,0.2,1.0,1.0,1.0
0,61,0.6667,0.4,0.2929,1.0,1.0,1.0,0.1111,0.1467,0.1033,0.3333,0.3333,0.3333,0.1111,0.0667,0.0667,0.3333,0.3333,0.3333,0.1111,0.1467,0.1033,0.3333,0.3333,0.3333
0,62,0,0.04,0.02,0,0.2,0.2,0,0,0.0,0,0,0.0,0,0.0,0.0,0,0.0,0.0,0,0,0.0,0,0,0.0
0,63,0,0,0.0,0,0,0.0,0.1667,0.1,0.05,0.5,0.5,0.5,0.1667,0.1,0.05,0.5,0.5,0.5,0,0.05,0.025,0,0.25,0.25
0,64,0.3333,0.28,0.14,1.0,1.0,1.0,0,0.13,0.065,0,0.25,0.25,0,0.0,0.0325,0,0.0,0.125,0.1111,0.0667,0.0556,0.3333,0.3333,0.3333
0,65,0.6667,0.71,0.4264,1.0,1.0,1.0,0.5556,0.6433,0.4531,1.0,1.0,1.0,1.0,0.6,0.4381,1.0,1.0,1.0,0.5556,0.4533,0.4248,1.0,1.0,1.0
0,66,0.3333,0.2,0.1222,1.0,1.0,1.0,0,0,0.0347,0,0,0.125,0.1111,0.0667,0.0883,0.3333,0.3333,0.3333,0,0,0.0125,0,0,0.125
0,67,1.0,0.76,0.4633,1.0,1.0,1.0,0.3333,0.2,0.1286,1.0,1.0,1.0,0.3333,0.2,0.12,1.0,1.0,1.0,0.5556,0.3333,0.1667,1.0,1.0,1.0
0,68,0,0,0.0,0,0,0.0,0,0,0.0,0,0,0.0,0,0.0,0.0,0,0.0,0.0,0,0.04,0.02,0,0.2,0.2
0,69,0,0,0.0452,0,0,0.1667,0,0.04,0.02,0,0.2,0.2,0,0.0,0.0,0,0.0,0.0,0,0,0.0,0,0,0.0
0,70,0.1111,0.0667,0.0333,0.3333,0.3333,0.3333,0.1667,0.1,0.05,0.5,0.5,0.5,0.3333,0.2,0.125,1.0,1.0,1.0,0,0.05,0.045,0,0.25,0.25
0,71,0.1667,0.18,0.1329,0.5,0.5,0.5,0,0,0.0125,0,0,0.125,0,0.0,0.0311,0,0.0,0.1111,0,0.04,0.02,0,0.2,0.2
0,72,1.0,0.6,0.3,1.0,1.0,1.0,0,0,0.0125,0,0,0.125,0,0.0,0.0125,0,0.0,0.125,0,0,0.0111,0,0,0.1111
0,73,0.3333,0.2,0.1286,1.0,1.0,1.0,0.3333,0.2,0.1,1.0,1.0,1.0,0.1667,0.1,0.05,0.5,0.5,0.5,0.3333,0.2,0.1,1.0,1.0,1.0
0,74,0,0.04,0.0533,0,0.2,0.2,0.3333,0.2,0.12,1.0,1.0,1.0,0.3333,0.2,0.1,1.0,1.0,1.0,0.3333,0.2,0.12,1.0,1.0,1.0
0,75,0.3889,0.3833,0.3044,0.5,0.5,0.5,0,0.04,0.0533,0,0.2,0.2,0,0.05,0.05,0,0.25,0.25,0,0.04,0.04,0,0.2,0.2
0,76,0.6667,0.55,0.4546,1.0,1.0,1.0,0,0,0.0125,0,0,0.125,0,0.04,0.0533,0,0.2,0.2,0,0,0.0,0,0,0.0
0,77,1.0,0.6,0.35,1.0,1.0,1.0,0.5556,0.3333,0.254,1.0,1.0,1.0,0.1111,0.1667,0.0833,0.3333,0.3333,0.3333,0.3333,0.2,0.2162,1.0,1.0,1.0
0,78,1.0,0.8,0.5433,1.0,1.0,1.0,1.0,0.6,0.3,1.0,1.0,1.0,1.0,0.6,0.3,1.0,1.0,1.0,1.0,0.6,0.3444,1.0,1.0,1.0
0,79,0.1111,0.1667,0.1333,0.3333,0.3333,0.3333,0.1111,0.0667,0.0333,0.3333,0.3333,0.3333,0.3333,0.2,0.1762,1.0,1.0,1.0,0,0.05,0.025,0,0.25,0.25
0,80,1.0,0.8,0.4833,1.0,1.0,1.0,0.6667,0.4,0.2929,1.0,1.0,1.0,0.3889,0.2333,0.1467,0.5,0.5,0.5,0.6667,0.4,0.2429,1.0,1.0,1.0
0,82,0.6667,0.4,0.2929,1.0,1.0,1.0,0.1667,0.18,0.09,0.5,0.5,0.5,0,0.05,0.0536,0,0.25,0.25,0.1667,0.18,0.09,0.5,0.5,0.5
0,83,0.1667,0.2,0.1375,0.5,0.5,0.5,0,0.04,0.0533,0,0.2,0.2,0,0.0,0.0393,0,0.0,0.1429,0,0.04,0.0533,0,0.2,0.2
0,84,0,0,0.0167,0,0,0.1667,0,0,0.0,0,0,0.0,0,0.0,0.0,0,0.0,0.0,0,0,0.0,0,0,0.0
0,85,0.1667,0.1,0.0833,0.5,0.5,0.5,0.1667,0.32,0.2796,0.5,0.5,0.5,0.3889,0.2333,0.2167,0.5,0.5,0.5,0.3889,0.3533,0.3422,0.5,0.5,0.5
0,86,0.3333,0.3,0.1833,1.0,1.0,1.0,0,0,0.0693,0,0,0.1429,0,0.0,0.0,0,0.0,0.0,0,0,0.01,0,0,0.1
0,87,0.3333,0.2,0.1333,1.0,1.0,1.0,0.5556,0.3333,0.2095,1.0,1.0,1.0,0.5556,0.3333,0.1667,1.0,1.0,1.0,0.5556,0.6433,0.3217,1.0,1.0,1.0
0,88,1.0,1.0,0.5857,1.0,1.0,1.0,0.6667,0.52,0.3767,1.0,1.0,1.0,0.1111,0.2867,0.2005,0.3333,0.3333,0.3333,0.1111,0.2867,0.2656,0.3333,0.3333,0.3333
0,89,0,0,0.0,0,0,0.0,0,0,0.0,0,0,0.0,0,0.0,0.0,0,0.0,0.0,0,0,0.0,0,0,0.0
0,90,0.3333,0.28,0.17,1.0,1.0,1.0,0.1111,0.1667,0.1133,0.3333,0.3333,0.3333,0.1667,0.18,0.14,0.5,0.5,0.5,0.1667,0.2,0.1,0.5,0.5,0.5
0,91,0,0,0.0,0,0,0.0,0,0.04,0.02,0,0.2,0.2,0,0.0,0.0167,0,0.0,0.1667,0,0,0.0343,0,0,0.1429
0,92,0.5556,0.3333,0.1667,1.0,1.0,1.0,0.3333,0.3,0.1875,1.0,1.0,1.0,0.3333,0.3,0.15,1.0,1.0,1.0,0.3333,0.2,0.1583,1.0,1.0,1.0
0,93,0,0,0.0125,0,0,0.125,0,0,0.0389,0,0,0.1667,0,0.0,0.075,0,0.0,0.1667,0,0,0.0347,0,0,0.125
0,94,1.0,0.8,0.4625,1.0,1.0,1.0,0,0,0.0347,0,0,0.125,0,0.05,0.025,0,0.25,0.25,0,0,0.0347,0,0,0.125
0,95,0.3333,0.2,0.1667,1.0,1.0,1.0,0,0,0.075,0,0,0.1667,0.3333,0.2,0.1222,1.0,1.0,1.0,0.3333,0.2,0.12,1.0,1.0,1.0
0,96,0,0.04,0.1261,0,0.2,0.2,0,0,0.0311,0,0,0.1111,0,0.0,0.01,0,0.0,0.1,0,0,0.0125,0,0,0.125
0,97,0.3333,0.2,0.1286,1.0,1.0,1.0,0,0,0.0,0,0,0.0,0,0.0,0.0167,0,0.0,0.1667,0,0,0.0143,0,0,0.1429
0,98,0.1111,0.0667,0.1438,0.3333,0.3333,0.3333,0.1667,0.32,0.21,0.5,0.5,0.5,0.1667,0.18,0.18,0.5,0.5,0.5,0.3889,0.3533,0.1767,0.5,0.5,0.5
0,99,0.1667,0.1,0.05,0.5,0.5,0.5,0.1667,0.1,0.0833,0.5,0.5,0.5,0.1111,0.0667,0.0619,0.3333,0.3333,0.3333,0.1667,0.18,0.09,0.5,0.5,0.5
0,100,0,0,0.0111,0,0,0.1111,0.1667,0.18,0.09,0.5,0.5,0.5,0.1667,0.1,0.07,0.5,0.5,0.5,0.1667,0.1,0.075,0.5,0.5,0.5
0,101,0,0.04,0.02,0,0.2,0.2,0,0,0.0,0,0,0.0,0,0.0,0.0,0,0.0,0.0,0,0,0.0,0,0,0.0
0,102,0.6667,0.4,0.29,1.0,1.0,1.0,0,0.04,0.04,0,0.2,0.2,0,0.04,0.02,0,0.2,0.2,0,0.04,0.02,0,0.2,0.2
0,103,0,0.13,0.1721,0,0.25,0.25,0.6667,0.4,0.25,1.0,1.0,1.0,0.5556,0.4533,0.2267,1.0,1.0,1.0,0.6667,0.52,0.26,1.0,1.0,1.0
0,104,0.3333,0.28,0.19,1.0,1.0,1.0,0,0,0.0143,0,0,0.1429,0,0.0,0.0365,0,0.0,0.1429,0,0,0.0125,0,0,0.125
0,105,0,0,0.0167,0,0,0.1667,0,0,0.0,0,0,0.0,0,0.0,0.0,0,0.0,0.0,0,0,0.0143,0,0,0.1429
0,106,1.0,1.0,0.575,1.0,1.0,1.0,1.0,0.8,0.4714,1.0,1.0,1.0,0.6667,0.71,0.4983,1.0,1.0,1.0,1.0,0.8,0.4714,1.0,1.0,1.0
0,107,0.6667,0.4,0.23,1.0,1.0,1.0,0.3333,0.3,0.15,1.0,1.0,1.0,0.3333,0.2,0.1333,1.0,1.0,1.0,0.3333,0.2,0.12,1.0,1.0,1.0
0,108,0,0,0.0786,0,0,0.1667,0,0,0.0167,0,0,0.1667,0,0.0,0.0125,0,0.0,0.125,0,0,0.0,0,0,0.0
0,109,0.3333,0.2,0.1667,1.0,1.0,1.0,0.5556,0.3333,0.2167,1.0,1.0,1.0,0.5556,0.3333,0.1667,1.0,1.0,1.0,0.5556,0.3333,0.1667,1.0,1.0,1.0
0,110,0,0,0.0311,0,0,0.1111,0,0,0.0,0,0,0.0,0,0.0,0.0,0,0.0,0.0,0,0,0.0,0,0,0.0
0,111,0,0,0.0,0,0,0.0,0,0,0.0125,0,0,0.125,0.1111,0.0667,0.0333,0.3333,0.3333,0.3333,0,0,0.0143,0,0,0.1429
0,112,1.0,1.0,0.6875,1.0,1.0,1.0,0.5556,0.3333,0.2167,1.0,1.0,1.0,0.1667,0.1,0.0786,0.5,0.5,0.5,0.3333,0.3,0.15,1.0,1.0,1.0
0,113,0,0,0.0143,0,0,0.1429,0,0,0.0111,0,0,0.1111,0,0.0,0.0143,0,0.0,0.1429,0,0,0.0111,0,0,0.1111
0,114,1.0,1.0,0.5,1.0,1.0,1.0,0.6667,0.55,0.4642,1.0,1.0,1.0,0.6667,0.55,0.4546,1.0,1.0,1.0,0.5556,0.6433,0.3842,1.0,1.0,1.0
0,115,0.3333,0.3,0.1875,1.0,1.0,1.0,0,0.04,0.02,0,0.2,0.2,0,0.0,0.0111,0,0.0,0.1111,0,0,0.0,0,0,0.0
0,116,0.6667,0.52,0.3892,1.0,1.0,1.0,0.3333,0.28,0.19,1.0,1.0,1.0,0.6667,0.4,0.2429,1.0,1.0,1.0,0.3333,0.2,0.1708,1.0,1.0,1.0
0,117,0.3333,0.2,0.1222,1.0,1.0,1.0,0,0,0.0,0,0,0.0,0,0.0,0.0,0,0.0,0.0,0,0,0.0,0,0,0.0
0,118,1.0,1.0,0.5667,1.0,1.0,1.0,1.0,0.76,0.43,1.0,1.0,1.0,1.0,1.0,0.5,1.0,1.0,1.0,1.0,0.8,0.4556,1.0,1.0,1.0
0,119,0.3333,0.3,0.2944,1.0,1.0,1.0,0.5556,0.6433,0.405,1.0,1.0,1.0,0.5556,0.4833,0.2417,1.0,1.0,1.0,0.3333,0.42,0.3963,1.0,1.0,1.0
0,121,0.5556,0.3333,0.2,1.0,1.0,1.0,0.5556,0.3333,0.1667,1.0,1.0,1.0,0.3333,0.2,0.155,1.0,1.0,1.0,0.5556,0.3333,0.1667,1.0,1.0,1.0
0,123,0.3889,0.3833,0.2417,0.5,0.5,0.5,0.3333,0.3,0.2429,1.0,1.0,1.0,0.1667,0.18,0.1844,0.5,0.5,0.5,0.6667,0.4,0.2429,1.0,1.0,1.0
0,124,0.6667,0.52,0.4422,1.0,1.0,1.0,0,0,0.0167,0,0,0.1667,0,0.04,0.02,0,0.2,0.2,0,0.04,0.02,0,0.2,0.2
0,125,0.3333,0.3,0.2,1.0,1.0,1.0,0.1111,0.0667,0.0856,0.3333,0.3333,0.3333,0,0.0,0.0111,0,0.0,0.1111,0.3333,0.2,0.1286,1.0,1.0,1.0
0,126,0.3333,0.42,0.2671,1.0,1.0,1.0,0.1111,0.1667,0.1833,0.3333,0.3333,0.3333,0,0.13,0.095,0,0.25,0.25,0,0.13,0.115,0,0.25,0.25
0,127,0.3333,0.2,0.1286,1.0,1.0,1.0,1.0,0.6,0.35,1.0,1.0,1.0,1.0,0.6,0.3,1.0,1.0,1.0,1.0,0.6,0.3444,1.0,1.0,1.0
0,128,0.3889,0.5433,0.4181,0.5,0.5,0.5,0,0.13,0.1025,0,0.25,0.25,0,0.13,0.115,0,0.25,0.25,0,0.05,0.0958,0,0.25,0.25
0,129,0.3333,0.2,0.1286,1.0,1.0,1.0,0,0,0.01,0,0,0.1,0,0.0,0.0,0,0.0,0.0,0,0,0.0,0,0,0.0
0,130,0,0.04,0.0422,0,0.2,0.2,0.3889,0.3533,0.1767,0.5,0.5,0.5,0,0.13,0.115,0,0.25,0.25,0.1111,0.1667,0.1333,0.3333,0.3333,0.3333
0,131,0.6667,0.71,0.524,1.0,1.0,1.0,0.6667,0.4,0.2,1.0,1.0,1.0,0.1111,0.2867,0.1433,0.3333,0.3333,0.3333,0.5556,0.3333,0.1667,1.0,1.0,1.0
0,132,0.6667,0.52,0.31,1.0,1.0,1.0,0.1111,0.0667,0.0333,0.3333,0.3333,0.3333,0.3333,0.2,0.1,1.0,1.0,1.0,0.1111,0.0667,0.0333,0.3333,0.3333,0.3333
0,134,0.6667,0.4,0.2,1.0,1.0,1.0,0.1667,0.18,0.09,0.5,0.5,0.5,0.1111,0.1467,0.1067,0.3333,0.3333,0.3333,0,0.05,0.0583,0,0.25,0.25
0,135,0.3333,0.28,0.19,1.0,1.0,1.0,0.3333,0.2,0.1222,1.0,1.0,1.0,0.3333,0.28,0.1775,1.0,1.0,1.0,0.3333,0.2,0.155,1.0,1.0,1.0
0,136,0,0,0.01,0,0,0.1,0,0.04,0.02,0,0.2,0.2,0,0.0,0.0125,0,0.0,0.125,0,0,0.0143,0,0,0.1429
0,137,0.3889,0.2333,0.1667,0.5,0.5,0.5,0.1667,0.1,0.05,0.5,0.5,0.5,0.1111,0.0667,0.0333,0.3333,0.3333,0.3333,0,0.05,0.025,0,0.25,0.25
0,138,0.3333,0.2,0.12,1.0,1.0,1.0,0.3889,0.3833,0.2317,0.5,0.5,0.5,0.1667,0.2,0.15,0.5,0.5,0.5,0.5556,0.4833,0.2861,1.0,1.0,1.0
0,139,1.0,0.8,0.6361,1.0,1.0,1.0,0.6667,0.71,0.5133,1.0,1.0,1.0,0.3889,0.5433,0.4181,0.5,0.5,0.5,0.5556,0.6433,0.4681,1.0,1.0,1.0
0,140,0.1111,0.1667,0.0833,0.3333,0.3333,0.3333,0,0.05,0.0536,0,0.25,0.25,0,0.05,0.05,0,0.25,0.25,0,0.05,0.025,0,0.25,0.25
0,141,0.6667,0.4,0.2333,1.0,1.0,1.0,0,0.05,0.0472,0,0.25,0.25,0.1111,0.1467,0.1033,0.3333,0.3333,0.3333,0,0.05,0.025,0,0.25,0.25
0,142,0.6667,0.55,0.275,1.0,1.0,1.0,0,0,0.0167,0,0,0.1667,0,0.0,0.0125,0,0.0,0.125,0,0,0.01,0,0,0.1
0,143,0.5556,0.3333,0.2,1.0,1.0,1.0,0.5556,0.4833,0.2817,1.0,1.0,1.0,0.3889,0.3533,0.2338,0.5,0.5,0.5,0.3333,0.2,0.155,1.0,1.0,1.0
0,144,1.0,0.6,0.3,1.0,1.0,1.0,0,0,0.0143,0,0,0.1429,0,0.0,0.0,0,0.0,0.0,0,0,0.0143,0,0,0.1429
0,147,0.6667,0.55,0.275,1.0,1.0,1.0,0.6667,0.52,0.4558,1.0,1.0,1.0,0.6667,0.4,0.4363,1.0,1.0,1.0,0.6667,0.55,0.3972,1.0,1.0,1.0
0,148,1.0,0.76,0.5181,1.0,1.0,1.0,1.0,0.6,0.3571,1.0,1.0,1.0,0.5556,0.4833,0.3083,1.0,1.0,1.0,1.0,0.76,0.38,1.0,1.0,1.0
0,149,1.0,1.0,0.5,1.0,1.0,1.0,1.0,0.6,0.3,1.0,1.0,1.0,1.0,0.8,0.4556,1.0,1.0,1.0,0.3333,0.28,0.2273,1.0,1.0,1.0
0,150,0.6667,0.52,0.3544,1.0,1.0,1.0,1.0,0.6,0.3,1.0,1.0,1.0,1.0,0.6,0.3,1.0,1.0,1.0,1.0,0.6,0.3,1.0,1.0,1.0
0,151,0,0.05,0.05,0,0.25,0.25,0.3333,0.2,0.1333,1.0,1.0,1.0,0.3333,0.2,0.1286,1.0,1.0,1.0,0.3333,0.2,0.1,1.0,1.0,1.0
0,152,0.6667,0.4,0.2,1.0,1.0,1.0,0,0.05,0.0869,0,0.25,0.25,0,0.04,0.0962,0,0.2,0.2,0,0,0.0367,0,0,0.1667
0,153,0,0,0.0417,0,0,0.1667,0,0,0.0,0,0,0.0,0,0.0,0.0143,0,0.0,0.1429,0,0,0.0,0,0,0.0
0,154,0.1111,0.1667,0.1778,0.3333,0.3333,0.3333,0.1667,0.32,0.2767,0.5,0.5,0.5,0.1667,0.18,0.1275,0.5,0.5,0.5,0.3333,0.28,0.2219,1.0,1.0,1.0
0,155,0.5556,0.6433,0.3931,1.0,1.0,1.0,0.3889,0.3833,0.2361,0.5,0.5,0.5,0.5556,0.3333,0.2167,1.0,1.0,1.0,0.6667,0.52,0.3171,1.0,1.0,1.0
0,156,0.1111,0.1667,0.0833,0.3333,0.3333,0.3333,0.1667,0.1,0.05,0.5,0.5,0.5,0,0.04,0.02,0,0.2,0.2,0.1667,0.1,0.05,0.5,0.5,0.5
0,159,0.5556,0.3333,0.24,1.0,1.0,1.0,0.6667,0.55,0.325,1.0,1.0,1.0,0.5556,0.4833,0.2817,1.0,1.0,1.0,1.0,0.6,0.3444,1.0,1.0,1.0
0,160,0,0,0.0,0,0,0.0,0,0,0.0,0,0,0.0,0,0.0,0.0,0,0.0,0.0,0,0,0.0,0,0,0.0
0,161,0.6667,0.52,0.4463,1.0,1.0,1.0,0.3333,0.2,0.155,1.0,1.0,1.0,0.3333,0.3,0.15,1.0,1.0,1.0,0.3333,0.2,0.1222,1.0,1.0,1.0
0,162,0.1111,0.1467,0.1662,0.3333,0.3333,0.3333,0.3333,0.2,0.1983,1.0,1.0,1.0,0.3333,0.2,0.1667,1.0,1.0,1.0,0.3333,0.2,0.1667,1.0,1.0,1.0
0,164,1.0,0.76,0.5114,1.0,1.0,1.0,0.1667,0.1,0.1706,0.5,0.5,0.5,0.5556,0.4833,0.2817,1.0,1.0,1.0,0,0.04,0.1462,0,0.2,0.2
0,165,0.3333,0.2,0.1286,1.0,1.0,1.0,0.1111,0.1467,0.1633,0.3333,0.3333,0.3333,0,0.0,0.0726,0,0.0,0.1429,0,0.05,0.0869,0,0.25,0.25
0,166,0.5556,0.6433,0.3842,1.0,1.0,1.0,0,0,0.0167,0,0,0.1667,0,0.0,0.0,0,0.0,0.0,0,0,0.0167,0,0,0.1667
0,167,0.1667,0.1,0.1662,0.5,0.5,0.5,0.1111,0.0667,0.0967,0.3333,0.3333,0.3333,0,0.0,0.0726,0,0.0,0.1429,0.1111,0.0667,0.0619,0.3333,0.3333,0.3333
0,168,0,0.05,0.025,0,0.25,0.25,0.3333,0.2,0.1,1.0,1.0,1.0,0.3333,0.2,0.1222,1.0,1.0,1.0,0.3333,0.2,0.1,1.0,1.0,1.0
0,169,0,0,0.0,0,0,0.0,0,0,0.0,0,0,0.0,0,0.0,0.0,0,0.0,0.0,0,0,0.0,0,0,0.0
0,170,0,0,0.0452,0,0,0.1667,0,0,0.0311,0,0,0.1111,0,0.0,0.0,0,0.0,0.0,0,0,0.0125,0,0,0.125
0,171,0.3889,0.3533,0.2338,0.5,0.5,0.5,0,0.05,0.025,0,0.25,0.25,0,0.0,0.0689,0,0.0,0.1667,0,0.05,0.025,0,0.25,0.25
0,172,0.6667,0.4,0.3071,1.0,1.0,1.0,0,0.04,0.02,0,0.2,0.2,0,0.04,0.02,0,0.2,0.2,0,0,0.0125,0,0,0.125
0,174,0,0,0.0689,0,0,0.1667,0.1111,0.0667,0.0333,0.3333,0.3333,0.3333,0.1111,0.0667,0.0333,0.3333,0.3333,0.3333,0.1111,0.0667,0.0333,0.3333,0.3333,0.3333
0,175,0,0.05,0.025,0,0.25,0.25,1.0,1.0,0.645,1.0,1.0,1.0,1.0,1.0,0.6528,1.0,1.0,1.0,1.0,1.0,0.6778,1.0,1.0,1.0
0,176,0.3333,0.28,0.1733,1.0,1.0,1.0,0.1111,0.0667,0.0667,0.3333,0.3333,0.3333,0.1111,0.0667,0.0619,0.3333,0.3333,0.3333,0.1111,0.0667,0.0533,0.3333,0.3333,0.3333
0,177,0,0,0.0367,0,0,0.1667,0,0.04,0.045,0,0.2,0.2,0,0.04,0.0486,0,0.2,0.2,0,0.04,0.0486,0,0.2,0.2
0,178,0.3333,0.2,0.1286,1.0,1.0,1.0,0.1667,0.1,0.05,0.5,0.5,0.5,0.1667,0.1,0.05,0.5,0.5,0.5,0.1667,0.1,0.05,0.5,0.5,0.5
0,179,0.3333,0.2,0.1,1.0,1.0,1.0,0.5556,0.3333,0.1667,1.0,1.0,1.0,0.3333,0.2,0.1,1.0,1.0,1.0,0.3333,0.2,0.1,1.0,1.0,1.0
0,180,1.0,0.76,0.38,1.0,1.0,1.0,0.5556,0.3333,0.2042,1.0,1.0,1.0,0.3333,0.2,0.1333,1.0,1.0,1.0,0.3333,0.3,0.1875,1.0,1.0,1.0
0,181,0,0.04,0.02,0,0.2,0.2,0.1111,0.1667,0.0833,0.3333,0.3333,0.3333,0,0.04,0.0486,0,0.2,0.2,0.1111,0.1467,0.0733,0.3333,0.3333,0.3333
0,182,0,0,0.0,0,0,0.0,0.1111,0.0667,0.0333,0.3333,0.3333,0.3333,0,0.05,0.025,0,0.25,0.25,0.3333,0.2,0.1222,1.0,1.0,1.0
0,183,0.1667,0.2,0.15,0.5,0.5,0.5,0.5556,0.4533,0.2838,1.0,1.0,1.0,0.3333,0.42,0.2544,1.0,1.0,1.0,0.5556,0.4833,0.3083,1.0,1.0,1.0
0,184,0.5556,0.4833,0.2417,1.0,1.0,1.0,0,0,0.0452,0,0,0.1667,0,0.0,0.0111,0,0.0,0.1111,0.1111,0.0667,0.0333,0.3333,0.3333,0.3333
0,185,0.3333,0.28,0.1829,1.0,1.0,1.0,0.1667,0.18,0.1829,0.5,0.5,0.5,0,0.05,0.0772,0,0.25,0.25,0.1111,0.1467,0.0733,0.3333,0.3333,0.3333
0,187,0,0,0.0,0,0,0.0,0.1667,0.1,0.05,0.5,0.5,0.5,0,0.0,0.0143,0,0.0,0.1429,0.1111,0.0667,0.0333,0.3333,0.3333,0.3333
0,188,0,0,0.0125,0,0,0.125,0.6667,0.4,0.2375,1.0,1.0,1.0,0.3889,0.2333,0.1167,0.5,0.5,0.5,0.3889,0.2333,0.1167,0.5,0.5,0.5
0,189,1.0,0.8,0.5225,1.0,1.0,1.0,0.3889,0.2333,0.1167,0.5,0.5,0.5,0,0.0,0.0347,0,0.0,0.125,0,0.13,0.065,0,0.25,0.25
0,190,0.3889,0.2333,0.1467,0.5,0.5,0.5,0,0,0.0,0,0,0.0,0,0.0,0.01,0,0.0,0.1,0,0,0.0,0,0,0.0
0,191,0,0.05,0.025,0,0.25,0.25,0.1111,0.0667,0.0333,0.3333,0.3333,0.3333,0,0.05,0.025,0,0.25,0.25,0.1667,0.1,0.05,0.5,0.5,0.5
0,192,0.6667,0.4,0.23,1.0,1.0,1.0,0.6667,0.4,0.2429,1.0,1.0,1.0,0.5556,0.3333,0.2042,1.0,1.0,1.0,0.6667,0.4,0.2,1.0,1.0,1.0
0,193,0.6667,0.52,0.3767,1.0,1.0,1.0,0.1111,0.0667,0.0619,0.3333,0.3333,0.3333,0.1111,0.0667,0.0583,0.3333,0.3333,0.3333,0,0.05,0.05,0,0.25,0.25
0,195,0,0.04,0.02,0,0.2,0.2,0,0.05,0.025,0,0.25,0.25,0,0.04,0.02,0,0.2,0.2,0,0.04,0.02,0,0.2,0.2
0,196,0,0.04,0.045,0,0.2,0.2,0,0.04,0.075,0,0.2,0.2,0,0.04,0.0861,0,0.2,0.2,0.3333,0.2,0.155,1.0,1.0,1.0
0,197,0.3333,0.3,0.15,1.0,1.0,1.0,0.1111,0.1667,0.0833,0.3333,0.3333,0.3333,0.1111,0.1667,0.0833,0.3333,0.3333,0.3333,0.1667,0.2,0.1,0.5,0.5,0.5
0,198,0.3333,0.2,0.1222,1.0,1.0,1.0,0.3889,0.2333,0.1167,0.5,0.5,0.5,0.1111,0.0667,0.0333,0.3333,0.3333,0.3333,0.3889,0.2333,0.1167,0.5,0.5,0.5
0,199,0.1111,0.0667,0.0333,0.3333,0.3333,0.3333,0,0,0.0,0,0,0.0,0,0.0,0.0325,0,0.0,0.125,0,0,0.0,0,0,0.0
0,200,0,0,0.0,0,0,0.0,0,0,0.0,0,0,0.0,0,0.0,0.01,0,0.0,0.1,0,0,0.0,0,0,0.0
0,201,0.1111,0.0667,0.0667,0.3333,0.3333,0.3333,0.1667,0.2,0.1,0.5,0.5,0.5,0,0.13,0.065,0,0.25,0.25,0,0.04,0.0861,0,0.2,0.2
0,202,0,0,0.0,0,0,0.0,0,0,0.0,0,0,0.0,0,0.0,0.0,0,0.0,0.0,0,0,0.0,0,0,0.0
0,203,0.6667,0.71,0.5014,1.0,1.0,1.0,0.6667,0.4,0.25,1.0,1.0,1.0,0.3333,0.42,0.21,1.0,1.0,1.0,0.6667,0.4,0.2,1.0,1.0,1.0
0,204,0,0.04,0.0783,0,0.2,0.2,0.3333,0.28,0.17,1.0,1.0,1.0,0.3333,0.28,0.14,1.0,1.0,1.0,0.3333,0.2,0.1286,1.0,1.0,1.0
0,205,0.6667,0.55,0.3806,1.0,1.0,1.0,0.1111,0.1667,0.1905,0.3333,0.3333,0.3333,0.1111,0.1467,0.1033,0.3333,0.3333,0.3333,0.1111,0.1667,0.1905,0.3333,0.3333,0.3333
0,206,0.3333,0.2,0.1661,1.0,1.0,1.0,0.6667,0.4,0.2873,1.0,1.0,1.0,0.6667,0.4,0.2,1.0,1.0,1.0,0.6667,0.4,0.2429,1.0,1.0,1.0
0,208,0.5556,0.4833,0.2417,1.0,1.0,1.0,0.3333,0.3,0.15,1.0,1.0,1.0,0.5556,0.4533,0.2267,1.0,1.0,1.0,0.3333,0.2,0.1333,1.0,1.0,1.0
0,209,1.0,0.8,0.5433,1.0,1.0,1.0,0.5556,0.6433,0.5578,1.0,1.0,1.0,0.1667,0.1,0.1208,0.5,0.5,0.5,0.3889,0.5433,0.5078,0.5,0.5,0.5
0,210,0.3333,0.28,0.14,1.0,1.0,1.0,0,0,0.0143,0,0,0.1429,0,0.0,0.0,0,0.0,0.0,0.1111,0.0667,0.0619,0.3333,0.3333,0.3333
0,211,0.6667,0.55,0.3194,1.0,1.0,1.0,0,0.04,0.02,0,0.2,0.2,0,0.0,0.0,0,0.0,0.0,0,0.04,0.02,0,0.2,0.2
0,212,0.3333,0.28,0.14,1.0,1.0,1.0,0,0.05,0.025,0,0.25,0.25,0,0.05,0.025,0,0.25,0.25,0,0.04,0.02,0,0.2,0.2
0,213,0.1111,0.1467,0.1108,0.3333,0.3333,0.3333,0,0,0.0365,0,0,0.1429,0,0.04,0.02,0,0.2,0.2,0,0,0.0111,0,0,0.1111
0,215,0.1667,0.2,0.1819,0.5,0.5,0.5,0,0,0.0,0,0,0.0,0,0.0,0.0,0,0.0,0.0,0,0,0.0,0,0,0.0
0,216,0,0,0.01,0,0,0.1,0.1667,0.1,0.1161,0.5,0.5,0.5,0.1111,0.1667,0.1208,0.3333,0.3333,0.3333,0.3333,0.2,0.1619,1.0,1.0,1.0
0,217,0.3333,0.28,0.2219,1.0,1.0,1.0,0.1667,0.1,0.0786,0.5,0.5,0.5,0.1111,0.0667,0.0583,0.3333,0.3333,0.3333,0.1667,0.1,0.05,0.5,0.5,0.5
0,218,0,0.05,0.0833,0,0.25,0.25,0.3333,0.2,0.1,1.0,1.0,1.0,0.1111,0.0667,0.0533,0.3333,0.3333,0.3333,0.1667,0.1,0.05,0.5,0.5,0.5
0,219,0.1111,0.0667,0.0533,0.3333,0.3333,0.3333,0,0.04,0.02,0,0.2,0.2,0,0.04,0.02,0,0.2,0.2,0,0.04,0.045,0,0.2,0.2
0,220,0.3333,0.42,0.21,1.0,1.0,1.0,0,0.05,0.0536,0,0.25,0.25,0.1111,0.0667,0.0583,0.3333,0.3333,0.3333,0,0.04,0.02,0,0.2,0.2
0,221,0,0,0.01,0,0,0.1,0,0,0.0,0,0,0.0,0,0.0,0.0,0,0.0,0.0,0,0,0.0,0,0,0.0
0,222,0.1667,0.32,0.21,0.5,0.5,0.5,0.1111,0.0667,0.0667,0.3333,0.3333,0.3333,0.1111,0.0667,0.0333,0.3333,0.3333,0.3333,0.1111,0.0667,0.0667,0.3333,0.3333,0.3333
0,223,0.1111,0.0667,0.0967,0.3333,0.3333,0.3333,0.1111,0.0667,0.0994,0.3333,0.3333,0.3333,0,0.04,0.0861,0,0.2,0.2,0,0.05,0.025,0,0.25,0.25
0,224,0,0,0.0111,0,0,0.1111,0.3333,0.2,0.1286,1.0,1.0,1.0,0.3333,0.2,0.1222,1.0,1.0,1.0,0.3333,0.2,0.125,1.0,1.0,1.0
0,225,0.1111,0.0667,0.0533,0.3333,0.3333,0.3333,0.6667,0.52,0.3,1.0,1.0,1.0,0.6667,0.4,0.3071,1.0,1.0,1.0,1.0,0.6,0.3,1.0,1.0,1.0
0,226,0,0.13,0.095,0,0.25,0.25,0.3333,0.28,0.14,1.0,1.0,1.0,0.3333,0.2,0.1333,1.0,1.0,1.0,0.1111,0.1467,0.0733,0.3333,0.3333,0.3333
0,227,0.3333,0.2,0.125,1.0,1.0,1.0,0,0,0.0,0,0,0.0,0,0.0,0.0,0,0.0,0.0,0,0,0.0,0,0,0.0
0,228,0.3333,0.2,0.125,1.0,1.0,1.0,0.3333,0.2,0.1,1.0,1.0,1.0,0.3333,0.2,0.1333,1.0,1.0,1.0,0.3333,0.2,0.1,1.0,1.0,1.0
0,229,0.3333,0.3,0.2444,1.0,1.0,1.0,0.3333,0.2,0.1,1.0,1.0,1.0,0.3333,0.2,0.1,1.0,1.0,1.0,0.3333,0.2,0.1,1.0,1.0,1.0
0,230,0.3333,0.3,0.15,1.0,1.0,1.0,0.1111,0.0667,0.0952,0.3333,0.3333,0.3333,0,0.05,0.0958,0,0.25,0.25,0.1111,0.0667,0.0952,0.3333,0.3333,0.3333
0,231,0.3333,0.3,0.2571,1.0,1.0,1.0,0.1667,0.32,0.16,0.5,0.5,0.5,0.1667,0.18,0.14,0.5,0.5,0.5,0.1111,0.2867,0.1433,0.3333,0.3333,0.3333
0,232,0,0,0.0311,0,0,0.1111,0.1111,0.0667,0.0333,0.3333,0.3333,0.3333,0,0.05,0.025,0,0.25,0.25,0,0.05,0.025,0,0.25,0.25
0,234,0,0.04,0.0786,0,0.2,0.2,0.1111,0.2867,0.21,0.3333,0.3333,0.3333,0.1667,0.1,0.2317,0.5,0.5,0.5,0,0.13,0.1721,0,0.25,0.25
0,235,0,0.05,0.0883,0,0.25,0.25,0,0.04,0.02,0,0.2,0.2,0,0.04,0.02,0,0.2,0.2,0,0.04,0.02,0,0.2,0.2
0,236,0,0,0.0367,0,0,0.1667,0.1667,0.1,0.0722,0.5,0.5,0.5,0.1667,0.1,0.07,0.5,0.5,0.5,0,0.05,0.045,0,0.25,0.25
0,237,1.0,0.76,0.5383,1.0,1.0,1.0,0.3889,0.3833,0.1917,0.5,0.5,0.5,0.1111,0.2867,0.21,0.3333,0.3333,0.3333,0.3889,0.2333,0.1167,0.5,0.5,0.5
0,238,0.3333,0.42,0.21,1.0,1.0,1.0,0.3333,0.28,0.3096,1.0,1.0,1.0,0.3333,0.28,0.2956,1.0,1.0,1.0,0.3333,0.28,0.2884,1.0,1.0,1.0
0,239,0.1667,0.18,0.2384,0.5,0.5,0.5,0.3889,0.3533,0.2167,0.5,0.5,0.5,0.1667,0.2,0.19,0.5,0.5,0.5,0.5556,0.4533,0.2267,1.0,1.0,1.0
0,240,0,0.04,0.02,0,0.2,0.2,0,0,0.0,0,0,0.0,0,0.0,0.0,0,0.0,0.0,0,0,0.0111,0,0,0.1111
0,241,0.5556,0.3333,0.1667,1.0,1.0,1.0,0.3333,0.2,0.125,1.0,1.0,1.0,0.3333,0.2,0.1661,1.0,1.0,1.0,0.1111,0.0667,0.0556,0.3333,0.3333,0.3333
0,242,0.1667,0.1,0.075,0.5,0.5,0.5,0,0.04,0.0486,0,0.2,0.2,0,0.0,0.0365,0,0.0,0.1429,0,0,0.0343,0,0,0.1429
0,243,0.3333,0.28,0.19,1.0,1.0,1.0,0.1111,0.1667,0.1333,0.3333,0.3333,0.3333,0.1111,0.1667,0.1333,0.3333,0.3333,0.3333,0.3889,0.2333,0.1667,0.5,0.5,0.5
0,244,0.1667,0.2,0.15,0.5,0.5,0.5,0,0.05,0.0917,0,0.25,0.25,0,0.05,0.0472,0,0.25,0.25,0,0.05,0.0833,0,0.25,0.25
0,246,0.1111,0.1467,0.0733,0.3333,0.3333,0.3333,0.1111,0.0667,0.0619,0.3333,0.3333,0.3333,0.1111,0.0667,0.0556,0.3333,0.3333,0.3333,0,0.04,0.045,0,0.2,0.2
0,247,0.1667,0.1,0.075,0.5,0.5,0.5,0,0,0.0125,0,0,0.125,0,0.0,0.0,0,0.0,0.0,0,0,0.0,0,0,0.0
0,248,0.6667,0.4,0.25,1.0,1.0,1.0,0.5556,0.6433,0.465,1.0,1.0,1.0,0.3333,0.42,0.3296,1.0,1.0,1.0,0.6667,0.55,0.4731,1.0,1.0,1.0
0,249,0.5556,0.3333,0.1667,1.0,1.0,1.0,0,0,0.0393,0,0,0.1429,0,0.13,0.065,0,0.25,0.25,0,0,0.0365,0,0,0.1429
0,250,0.1111,0.1667,0.0833,0.3333,0.3333,0.3333,0.3333,0.2,0.1,1.0,1.0,1.0,0.5556,0.3333,0.1667,1.0,1.0,1.0,0.3333,0.2,0.1,1.0,1.0,1.0
0,251,0.6667,0.52,0.3044,1.0,1.0,1.0,0,0.05,0.1512,0,0.25,0.25,0.1111,0.1667,0.1662,0.3333,0.3333,0.3333,0,0.05,0.1355,0,0.25,0.25
0,252,1.0,0.8,0.5225,1.0,1.0,1.0,1.0,0.8,0.5583,1.0,1.0,1.0,1.0,0.6,0.4292,1.0,1.0,1.0,1.0,0.8,0.4,1.0,1.0,1.0
0,253,0.3333,0.2,0.1,1.0,1.0,1.0,0.3333,0.2,0.1619,1.0,1.0,1.0,0.3333,0.28,0.2133,1.0,1.0,1.0,0.1667,0.1,0.07,0.5,0.5,0.5
0,254,0.1111,0.0667,0.0533,0.3333,0.3333,0.3333,0,0,0.0311,0,0,0.1111,0,0.0,0.0125,0,0.0,0.125,0,0,0.0,0,0,0.0
0,255,1.0,0.76,0.38,1.0,1.0,1.0,1.0,0.8,0.4833,1.0,1.0,1.0,1.0,0.76,0.4633,1.0,1.0,1.0,1.0,0.8,0.4833,1.0,1.0,1.0
0,256,0.3889,0.3833,0.2583,0.5,0.5,0.5,0.3333,0.2,0.1586,1.0,1.0,1.0,0.1667,0.1,0.05,0.5,0.5,0.5,0.1111,0.1667,0.1333,0.3333,0.3333,0.3333
0,258,1.0,0.6,0.5048,1.0,1.0,1.0,0.3889,0.3533,0.2433,0.5,0.5,0.5,0.1111,0.1467,0.1662,0.3333,0.3333,0.3333,0.5556,0.4833,0.2417,1.0,1.0,1.0
0,259,0.6667,0.55,0.3321,1.0,1.0,1.0,0.1111,0.1667,0.1608,0.3333,0.3333,0.3333,0.1111,0.2867,0.1933,0.3333,0.3333,0.3333,0,0,0.0752,0,0,0.1667
0,260,0,0,0.0,0,0,0.0,0,0,0.0,0,0,0.0,0,0.0,0.0,0,0.0,0.0,0,0,0.0,0,0,0.0
0,261,1.0,0.6,0.3,1.0,1.0,1.0,0,0,0.0167,0,0,0.1667,0,0.0,0.0,0,0.0,0.0,0,0,0.0167,0,0,0.1667
0,262,1.0,0.8,0.4833,1.0,1.0,1.0,0.6667,0.4,0.3071,1.0,1.0,1.0,1.0,0.6,0.3,1.0,1.0,1.0,0.3333,0.28,0.2471,1.0,1.0,1.0
0,263,0.1111,0.1667,0.1905,0.3333,0.3333,0.3333,0.3333,0.2,0.1286,1.0,1.0,1.0,0.1111,0.0667,0.0667,0.3333,0.3333,0.3333,0.3333,0.2,0.1,1.0,1.0,1.0
0,264,0.5556,0.3333,0.304,1.0,1.0,1.0,1.0,0.76,0.4633,1.0,1.0,1.0,1.0,1.0,0.5,1.0,1.0,1.0,1.0,0.6,0.34,1.0,1.0,1.0
0,265,0.3889,0.2333,0.2238,0.5,0.5,0.5,0.1111,0.0667,0.0619,0.3333,0.3333,0.3333,0.1111,0.0667,0.0667,0.3333,0.3333,0.3333,0.1111,0.0667,0.0583,0.3333,0.3333,0.3333
0,266,0.1111,0.0667,0.1095,0.3333,0.3333,0.3333,0,0.04,0.0533,0,0.2,0.2,0.1667,0.1,0.1086,0.5,0.5,0.5,0.1667,0.1,0.0833,0.5,0.5,0.5
0,267,0.6667,0.4,0.2375,1.0,1.0,1.0,0.6667,0.4,0.2,1.0,1.0,1.0,0.3333,0.3,0.15,1.0,1.0,1.0,0.6667,0.4,0.2,1.0,1.0,1.0
0,268,0.1667,0.2,0.1,0.5,0.5,0.5,0,0.13,0.065,0,0.25,0.25,0,0.0,0.0389,0,0.0,0.1667,0.1667,0.1,0.075,0.5,0.5,0.5
0,269,0.5556,0.3333,0.1667,1.0,1.0,1.0,0.3333,0.28,0.19,1.0,1.0,1.0,0.3333,0.2,0.1633,1.0,1.0,1.0,0.3333,0.28,0.1733,1.0,1.0,1.0
0,270,0.3333,0.2,0.1586,1.0,1.0,1.0,0.1667,0.1,0.0833,0.5,0.5,0.5,0.3333,0.2,0.1333,1.0,1.0,1.0,0.1667,0.1,0.0786,0.5,0.5,0.5
0,271,0.6667,0.55,0.275,1.0,1.0,1.0,0.6667,0.4,0.2429,1.0,1.0,1.0,0.6667,0.55,0.275,1.0,1.0,1.0,0.3333,0.3,0.1929,1.0,1.0,1.0
0,272,0.3889,0.2333,0.1167,0.5,0.5,0.5,0,0,0.0752,0,0,0.1667,0,0.04,0.0533,0,0.2,0.2,0,0,0.0143,0,0,0.1429
0,273,0.5556,0.4533,0.2667,1.0,1.0,1.0,0,0.05,0.025,0,0.25,0.25,0,0.04,0.02,0,0.2,0.2,0,0,0.0,0,0,0.0
0,274,0.3333,0.2,0.1,1.0,1.0,1.0,0,0,0.0786,0,0,0.1667,0.1667,0.1,0.1133,0.5,0.5,0.5,0.1667,0.18,0.1233,0.5,0.5,0.5
0,275,0.1111,0.1467,0.1162,0.3333,0.3333,0.3333,0,0,0.0,0,0,0.0,0,0.0,0.0,0,0.0,0.0,0,0,0.0,0,0,0.0
0,276,0.6667,0.4,0.2929,1.0,1.0,1.0,0.3333,0.2,0.1222,1.0,1.0,1.0,0.3333,0.2,0.125,1.0,1.0,1.0,0,0.05,0.045,0,0.25,0.25
0,277,1.0,0.8,0.4625,1.0,1.0,1.0,1.0,0.6,0.5131,1.0,1.0,1.0,1.0,0.8,0.4714,1.0,1.0,1.0,0.6667,0.71,0.4175,1.0,1.0,1.0
0,278,0,0,0.0417,0,0,0.1667,0.6667,0.55,0.3321,1.0,1.0,1.0,0.6667,0.55,0.3417,1.0,1.0,1.0,1.0,0.6,0.3667,1.0,1.0,1.0
0,279,0,0.13,0.165,0,0.25,0.25,0,0,0.0143,0,0,0.1429,0,0.0,0.0,0,0.0,0.0,0,0,0.0393,0,0,0.1429
0,280,0,0,0.0167,0,0,0.1667,0,0,0.0311,0,0,0.1111,0,0.04,0.02,0,0.2,0.2,0,0,0.0343,0,0,0.1429
0,282,0.1667,0.2,0.1,0.5,0.5,0.5,0,0,0.0167,0,0,0.1667,0,0.0,0.0343,0,0.0,0.1429,0,0,0.0325,0,0,0.125
0,283,1.0,0.6,0.4127,1.0,1.0,1.0,0,0.13,0.065,0,0.25,0.25,0.1111,0.0667,0.1042,0.3333,0.3333,0.3333,0.1111,0.1467,0.0733,0.3333,0.3333,0.3333
0,284,0,0,0.0,0,0,0.0,0,0,0.0111,0,0,0.1111,0,0.0,0.0347,0,0.0,0.125,0,0.05,0.025,0,0.25,0.25
0,285,0.3333,0.28,0.14,1.0,1.0,1.0,0,0,0.0,0,0,0.0,0,0.0,0.01,0,0.0,0.1,0,0,0.0,0,0,0.0
0,286,0.1111,0.1667,0.1333,0.3333,0.3333,0.3333,0,0,0.0,0,0,0.0,0,0.0,0.0,0,0.0,0.0,0,0,0.0,0,0,0.0
0,287,0.3889,0.2333,0.1167,0.5,0.5,0.5,0,0.13,0.065,0,0.25,0.25,0,0.0,0.0452,0,0.0,0.1667,0,0,0.01,0,0,0.1
0,288,0,0,0.0143,0,0,0.1429,0.3333,0.2,0.1,1.0,1.0,1.0,0.3333,0.2,0.1,1.0,1.0,1.0,0.3333,0.2,0.1,1.0,1.0,1.0
0,290,0,0,0.0389,0,0,0.1667,0,0,0.0,0,0,0.0,0,0.0,0.0,0,0.0,0.0,0,0,0.0,0,0,0.0
0,291,0.1667,0.2,0.3296,0.5,0.5,0.5,1.0,0.8,0.4,1.0,1.0,1.0,1.0,0.6,0.3,1.0,1.0,1.0,1.0,0.6,0.3,1.0,1.0,1.0
0,292,0.6667,0.4,0.2,1.0,1.0,1.0,0.3333,0.28,0.1775,1.0,1.0,1.0,0.3333,0.28,0.1775,1.0,1.0,1.0,0.3333,0.3,0.1875,1.0,1.0,1.0
0,294,0,0,0.01,0,0,0.1,0,0,0.0417,0,0,0.1667,0,0.0,0.0125,0,0.0,0.125,0,0.05,0.025,0,0.25,0.25
0,295,0.6667,0.55,0.3946,1.0,1.0,1.0,0.3333,0.2,0.2206,1.0,1.0,1.0,0,0.13,0.1025,0,0.25,0.25,0.3333,0.2,0.1762,1.0,1.0,1.0
0,296,0.6667,0.4,0.2375,1.0,1.0,1.0,0,0,0.0786,0,0,0.1667,0.1667,0.1,0.0786,0.5,0.5,0.5,0,0,0.0,0,0,0.0
0,297,0.6667,0.55,0.3877,1.0,1.0,1.0,0.6667,0.4,0.25,1.0,1.0,1.0,0.5556,0.4833,0.3583,1.0,1.0,1.0,0.3333,0.3,0.15,1.0,1.0,1.0
0,298,0.3333,0.3,0.15,1.0,1.0,1.0,0,0,0.0125,0,0,0.125,0,0.0,0.0111,0,0.0,0.1111,0,0,0.0389,0,0,0.1667
0,299,0.1111,0.0667,0.1042,0.3333,0.3333,0.3333,0.6667,0.4,0.3,1.0,1.0,1.0,0.5556,0.4833,0.2861,1.0,1.0,1.0,0.6667,0.55,0.3194,1.0,1.0,1.0
0,300,0.6667,0.71,0.5631,1.0,1.0,1.0,0.6667,0.4,0.2,1.0,1.0,1.0,0.6667,0.4,0.29,1.0,1.0,1.0,0.5556,0.3333,0.1667,1.0,1.0,1.0
0,301,1.0,0.6,0.3667,1.0,1.0,1.0,0,0,0.0,0,0,0.0,0,0.0,0.01,0,0.0,0.1,0,0,0.0,0,0,0.0
0,302,0.3889,0.3533,0.1767,0.5,0.5,0.5,0.3333,0.2,0.12,1.0,1.0,1.0,0,0.05,0.0911,0,0.25,0.25,0,0,0.0347,0,0,0.125
0,303,0.5556,0.4833,0.2817,1.0,1.0,1.0,1.0,1.0,0.67,1.0,1.0,1.0,0.5556,0.6433,0.3842,1.0,1.0,1.0,1.0,1.0,0.6367,1.0,1.0,1.0
0,304,0.3333,0.2,0.1,1.0,1.0,1.0,0.3333,0.2,0.1286,1.0,1.0,1.0,0.3333,0.2,0.1286,1.0,1.0,1.0,0.3333,0.2,0.12,1.0,1.0,1.0
0,306,1.0,0.6,0.3,1.0,1.0,1.0,0.3889,0.5433,0.3342,0.5,0.5,0.5,0.3889,0.3833,0.3044,0.5,0.5,0.5,0.3333,0.42,0.3481,1.0,1.0,1.0
0,307,0.3889,0.2333,0.15,0.5,0.5,0.5,0,0,0.01,0,0,0.1,0,0.0,0.01,0,0.0,0.1,0,0,0.0,0,0,0.0
0,308,0,0,0.0,0,0,0.0,0,0,0.0143,0,0,0.1429,0,0.0,0.0365,0,0.0,0.1429,0,0,0.0167,0,0,0.1667
0,309,0.1667,0.2,0.1429,0.5,0.5,0.5,0,0.04,0.02,0,0.2,0.2,0,0.0,0.0417,0,0.0,0.1667,0,0,0.0,0,0,0.0
0,310,0,0.05,0.0836,0,0.25,0.25,0,0.04,0.0819,0,0.2,0.2,0,0.05,0.0911,0,0.25,0.25,0.1111,0.0667,0.1,0.3333,0.3333,0.3333
0,312,0.6667,0.4,0.2775,1.0,1.0,1.0,0.1111,0.0667,0.0556,0.3333,0.3333,0.3333,0,0.05,0.025,0,0.25,0.25,0.3889,0.2333,0.1167,0.5,0.5,0.5
0,313,0,0,0.0,0,0,0.0,0,0,0.0,0,0,0.0,0,0.0,0.0,0,0.0,0.0,0,0,0.0,0,0,0.0
0,314,0.6667,0.4,0.2375,1.0,1.0,1.0,0,0,0.0,0,0,0.0,0,0.0,0.0,0,0.0,0.0,0,0,0.0,0,0,0.0
0,315,0.3333,0.2,0.1,1.0,1.0,1.0,0.5556,0.3333,0.2167,1.0,1.0,1.0,0.3333,0.2,0.1586,1.0,1.0,1.0,0.5556,0.3333,0.2167,1.0,1.0,1.0
0,317,0,0.05,0.0536,0,0.25,0.25,0.1111,0.0667,0.0667,0.3333,0.3333,0.3333,0,0.0,0.0,0,0.0,0.0,0,0,0.0347,0,0,0.125
0,318,0.1111,0.0667,0.0333,0.3333,0.3333,0.3333,0.3333,0.2,0.1,1.0,1.0,1.0,0.3333,0.2,0.1,1.0,1.0,1.0,0,0.05,0.0472,0,0.25,0.25
0,319,0.6667,0.55,0.3417,1.0,1.0,1.0,0.3333,0.2,0.1286,1.0,1.0,1.0,0.3333,0.2,0.1286,1.0,1.0,1.0,0.1667,0.1,0.0786,0.5,0.5,0.5
0,321,0.5556,0.3333,0.3167,1.0,1.0,1.0,0.5556,0.4533,0.2267,1.0,1.0,1.0,0.5556,0.3333,0.1667,1.0,1.0,1.0,0.3333,0.28,0.19,1.0,1.0,1.0
0,322,0.1667,0.1,0.0786,0.5,0.5,0.5,0.1111,0.1467,0.1162,0.3333,0.3333,0.3333,0,0.13,0.1425,0,0.25,0.25,0,0.13,0.115,0,0.25,0.25
0,323,0,0,0.0389,0,0,0.1667,0,0.04,0.02,0,0.2,0.2,0,0.04,0.02,0,0.2,0.2,0,0.04,0.02,0,0.2,0.2
0,325,0,0,0.0167,0,0,0.1667,0,0,0.0,0,0,0.0,0,0.0,0.0,0,0.0,0.0,0,0,0.0,0,0,0.0
0,326,0.6667,0.4,0.2,1.0,1.0,1.0,0,0,0.0143,0,0,0.1429,0,0.0,0.0,0,0.0,0.0,0,0,0.0367,0,0,0.1667
0,327,0.1667,0.1,0.0833,0.5,0.5,0.5,0.1667,0.18,0.09,0.5,0.5,0.5,0.3889,0.2333,0.1167,0.5,0.5,0.5,0.1667,0.1,0.0833,0.5,0.5,0.5
0,328,0.6667,0.4,0.2,1.0,1.0,1.0,0,0,0.0,0,0,0.0,0,0.0,0.0,0,0.0,0.0,0,0,0.0,0,0,0.0
0,330,0,0.13,0.165,0,0.25,0.25,0,0.05,0.0583,0,0.25,0.25,0.1667,0.1,0.0722,0.5,0.5,0.5,0,0.05,0.0772,0,0.25,0.25
0,331,0.1111,0.0667,0.0556,0.3333,0.3333,0.3333,0.1667,0.2,0.13,0.5,0.5,0.5,0.1111,0.1667,0.1262,0.3333,0.3333,0.3333,0.1667,0.1,0.1086,0.5,0.5,0.5
0,332,0,0,0.0143,0,0,0.1429,0.1667,0.1,0.075,0.5,0.5,0.5,0.1667,0.1,0.07,0.5,0.5,0.5,0.1667,0.1,0.05,0.5,0.5,0.5
0,334,0.6667,0.4,0.2929,1.0,1.0,1.0,0,0.13,0.095,0,0.25,0.25,0.1111,0.1467,0.1562,0.3333,0.3333,0.3333,0.1111,0.0667,0.0333,0.3333,0.3333,0.3333
0,335,0.6667,0.55,0.4131,1.0,1.0,1.0,0.1667,0.1,0.0722,0.5,0.5,0.5,0.1667,0.32,0.16,0.5,0.5,0.5,0.1667,0.1,0.05,0.5,0.5,0.5
0,336,0.6667,0.55,0.275,1.0,1.0,1.0,0.1111,0.1667,0.1833,0.3333,0.3333,0.3333,0.3333,0.28,0.2329,1.0,1.0,1.0,0.1111,0.1467,0.1606,0.3333,0.3333,0.3333
0,337,0,0,0.0389,0,0,0.1667,0,0,0.0,0,0,0.0,0,0.0,0.0,0,0.0,0.0,0,0.05,0.025,0,0.25,0.25
0,338,0.6667,0.4,0.2375,1.0,1.0,1.0,0,0.05,0.045,0,0.25,0.25,0.1111,0.0667,0.0333,0.3333,0.3333,0.3333,0,0.05,0.045,0,0.25,0.25
0,339,0.1111,0.0667,0.0333,0.3333,0.3333,0.3333,0,0,0.0167,0,0,0.1667,0,0.0,0.0125,0,0.0,0.125,0,0,0.0,0,0,0.0
0,340,0.3333,0.2,0.12,1.0,1.0,1.0,0.1667,0.18,0.09,0.5,0.5,0.5,0.1111,0.0667,0.0667,0.3333,0.3333,0.3333,0.1667,0.18,0.09,0.5,0.5,0.5
0,341,0.5556,0.3333,0.1667,1.0,1.0,1.0,0.6667,0.4,0.2333,1.0,1.0,1.0,0.5556,0.3333,0.1667,1.0,1.0,1.0,0.6667,0.4,0.2,1.0,1.0,1.0
0,342,0.3333,0.2,0.1619,1.0,1.0,1.0,0.5556,0.4533,0.2267,1.0,1.0,1.0,0.6667,0.4,0.2375,1.0,1.0,1.0,0.5556,0.4533,0.2267,1.0,1.0,1.0
0,343,0.6667,0.4,0.2,1.0,1.0,1.0,0,0,0.0143,0,0,0.1429,0,0.0,0.0125,0,0.0,0.125,0,0,0.0125,0,0,0.125
0,344,0,0.05,0.05,0,0.25,0.25,0,0,0.0167,0,0,0.1667,0,0.0,0.01,0,0.0,0.1,0,0,0.0125,0,0,0.125
0,345,0.6667,0.4,0.2,1.0,1.0,1.0,1.0,0.6,0.3,1.0,1.0,1.0,0.6667,0.55,0.275,1.0,1.0,1.0,0.6667,0.55,0.3417,1.0,1.0,1.0
0,346,0.1667,0.1,0.05,0.5,0.5,0.5,0.1667,0.1,0.05,0.5,0.5,0.5,0.1111,0.0667,0.0333,0.3333,0.3333,0.3333,0.1667,0.1,0.05,0.5,0.5,0.5
0,347,0.3333,0.3,0.2444,1.0,1.0,1.0,0.3889,0.3833,0.1917,0.5,0.5,0.5,0.1667,0.32,0.16,0.5,0.5,0.5,0.3889,0.3833,0.1917,0.5,0.5,0.5
0,348,0.6667,0.4,0.2,1.0,1.0,1.0,0,0.04,0.02,0,0.2,0.2,0.3333,0.2,0.1,1.0,1.0,1.0,0,0,0.0143,0,0,0.1429
0,349,1.0,0.8,0.4,1.0,1.0,1.0,0.3333,0.2,0.1286,1.0,1.0,1.0,0.3333,0.2,0.125,1.0,1.0,1.0,0.3333,0.2,0.1,1.0,1.0,1.0
0,350,0.6667,0.4,0.2819,1.0,1.0,1.0,0.6667,0.71,0.4175,1.0,1.0,1.0,0.6667,0.52,0.3171,1.0,1.0,1.0,0.6667,0.52,0.3796,1.0,1.0,1.0
0,351,0.1111,0.0667,0.0333,0.3333,0.3333,0.3333,0,0,0.0125,0,0,0.125,0,0.0,0.0365,0,0.0,0.1429,0,0,0.01,0,0,0.1
0,353,0.3333,0.3,0.1833,1.0,1.0,1.0,0,0,0.0,0,0,0.0,0,0.04,0.02,0,0.2,0.2,0,0,0.0167,0,0,0.1667
0,354,0.1667,0.1,0.07,0.5,0.5,0.5,0,0,0.0,0,0,0.0,0,0.0,0.0111,0,0.0,0.1111,0,0,0.0,0,0,0.0
0,355,0.3333,0.2,0.1,1.0,1.0,1.0,0.6667,0.4,0.2,1.0,1.0,1.0,0.5556,0.3333,0.1667,1.0,1.0,1.0,0.6667,0.4,0.2333,1.0,1.0,1.0
0,356,0,0,0.0143,0,0,0.1429,0,0,0.0,0,0,0.0,0,0.0,0.0167,0,0.0,0.1667,0,0,0.01,0,0,0.1
0,357,0.3333,0.3,0.15,1.0,1.0,1.0,0,0,0.0,0,0,0.0,0,0.0,0.0,0,0.0,0.0,0,0,0.0,0,0,0.0
0,358,0.3889,0.2333,0.1667,0.5,0.5,0.5,0.6667,0.4,0.23,1.0,1.0,1.0,0.6667,0.4,0.2375,1.0,1.0,1.0,0.6667,0.4,0.2429,1.0,1.0,1.0
0,359,0.6667,0.4,0.2944,1.0,1.0,1.0,0.3333,0.2,0.2153,1.0,1.0,1.0,0.3333,0.2,0.12,1.0,1.0,1.0,0.3333,0.2,0.1333,1.0,1.0,1.0
0,360,0.6667,0.52,0.26,1.0,1.0,1.0,0.6667,0.71,0.4706,1.0,1.0,1.0,0.6667,0.71,0.4706,1.0,1.0,1.0,0.6667,0.55,0.4881,1.0,1.0,1.0
0,361,0.1667,0.1,0.0722,0.5,0.5,0.5,0.3333,0.2,0.1,1.0,1.0,1.0,0.1667,0.1,0.05,0.5,0.5,0.5,0.3333,0.2,0.1,1.0,1.0,1.0
0,362,0.3333,0.2,0.1,1.0,1.0,1.0,0.1111,0.0667,0.0333,0.3333,0.3333,0.3333,0,0.05,0.1012,0,0.25,0.25,0,0,0.0,0,0,0.0
0,363,1.0,0.6,0.4071,1.0,1.0,1.0,0.5556,0.4833,0.2917,1.0,1.0,1.0,0.6667,0.55,0.3972,1.0,1.0,1.0,0.5556,0.4833,0.3472,1.0,1.0,1.0
0,364,0.5556,0.4533,0.3463,1.0,1.0,1.0,0.3333,0.28,0.2471,1.0,1.0,1.0,0.3333,0.2,0.1661,1.0,1.0,1.0,0.3333,0.3,0.25,1.0,1.0,1.0
0,365,0.3333,0.28,0.2344,1.0,1.0,1.0,0.1667,0.1,0.05,0.5,0.5,0.5,0,0.04,0.02,0,0.2,0.2,0.1667,0.2,0.1,0.5,0.5,0.5
0,366,0.5556,0.4833,0.428,1.0,1.0,1.0,0,0.13,0.065,0,0.25,0.25,0,0.05,0.025,0,0.25,0.25,0,0,0.0347,0,0,0.125
0,367,0.1111,0.0667,0.0619,0.3333,0.3333,0.3333,0,0,0.0452,0,0,0.1667,0,0.0,0.0452,0,0.0,0.1667,0,0,0.0452,0,0,0.1667
0,368,0,0,0.0393,0,0,0.1429,0.1111,0.0667,0.0533,0.3333,0.3333,0.3333,0.1111,0.0667,0.0952,0.3333,0.3333,0.3333,0,0.05,0.025,0,0.25,0.25
0,369,0.3333,0.2,0.125,1.0,1.0,1.0,0.5556,0.3333,0.1667,1.0,1.0,1.0,0.3333,0.3,0.15,1.0,1.0,1.0,0.5556,0.3333,0.1667,1.0,1.0,1.0
0,370,1.0,0.6,0.3667,1.0,1.0,1.0,0.1667,0.2,0.1,0.5,0.5,0.5,0.1111,0.1667,0.1133,0.3333,0.3333,0.3333,0.1667,0.2,0.1,0.5,0.5,0.5
0,371,0,0,0.0125,0,0,0.125,0.3333,0.2,0.12,1.0,1.0,1.0,0,0.05,0.0472,0,0.25,0.25,0.3333,0.2,0.1,1.0,1.0,1.0
0,372,0.3333,0.28,0.2344,1.0,1.0,1.0,0.1667,0.1,0.0833,0.5,0.5,0.5,0.1667,0.1,0.075,0.5,0.5,0.5,0.1667,0.2,0.1,0.5,0.5,0.5
0,373,0.6667,0.55,0.3417,1.0,1.0,1.0,0,0.04,0.02,0,0.2,0.2,0,0.0,0.0111,0,0.0,0.1111,0,0,0.01,0,0,0.1
0,374,0,0.05,0.0472,0,0.25,0.25,0,0.13,0.115,0,0.25,0.25,0.1111,0.1667,0.1208,0.3333,0.3333,0.3333,0,0,0.0,0,0,0.0
0,375,0.3333,0.28,0.2329,1.0,1.0,1.0,0,0.04,0.0533,0,0.2,0.2,0,0.0,0.0143,0,0.0,0.1429,0,0.04,0.0533,0,0.2,0.2
0,377,0,0,0.0,0,0,0.0,0,0,0.0,0,0,0.0,0,0.0,0.0167,0,0.0,0.1667,0,0,0.0,0,0,0.0
0,378,0.3889,0.5433,0.4181,0.5,0.5,0.5,0,0,0.0452,0,0,0.1667,0,0.0,0.0167,0,0.0,0.1667,0,0,0.0452,0,0,0.1667
0,379,0.6667,0.55,0.315,1.0,1.0,1.0,0.3333,0.3,0.18,1.0,1.0,1.0,0.3333,0.2,0.1333,1.0,1.0,1.0,0.3333,0.2,0.12,1.0,1.0,1.0
0,380,0.1667,0.1,0.1133,0.5,0.5,0.5,0.5556,0.4833,0.2817,1.0,1.0,1.0,0.6667,0.4,0.2429,1.0,1.0,1.0,0.3889,0.3833,0.1917,0.5,0.5,0.5
0,381,0,0,0.0452,0,0,0.1667,0.1667,0.1,0.0786,0.5,0.5,0.5,0.1111,0.0667,0.0333,0.3333,0.3333,0.3333,0.1667,0.1,0.075,0.5,0.5,0.5
0,382,0.3333,0.2,0.1633,1.0,1.0,1.0,0,0.05,0.045,0,0.25,0.25,0,0.05,0.025,0,0.25,0.25,0,0.04,0.02,0,0.2,0.2
0,383,0,0.04,0.045,0,0.2,0.2,0.1667,0.1,0.07,0.5,0.5,0.5,0.1667,0.1,0.05,0.5,0.5,0.5,0.1667,0.1,0.07,0.5,0.5,0.5
0,384,0.3333,0.3,0.18,1.0,1.0,1.0,0,0.05,0.0583,0,0.25,0.25,0,0.04,0.0486,0,0.2,0.2,0.1667,0.1,0.0722,0.5,0.5,0.5
0,385,0.6667,0.55,0.4546,1.0,1.0,1.0,0.1111,0.0667,0.0333,0.3333,0.3333,0.3333,0.1111,0.0667,0.0619,0.3333,0.3333,0.3333,0.1111,0.0667,0.0333,0.3333,0.3333,0.3333
0,386,0.6667,0.4,0.25,1.0,1.0,1.0,0.6667,0.4,0.2333,1.0,1.0,1.0,0.5556,0.3333,0.2095,1.0,1.0,1.0,0.3333,0.3,0.2233,1.0,1.0,1.0
0,387,0.1111,0.1667,0.0833,0.3333,0.3333,0.3333,0.1667,0.1,0.05,0.5,0.5,0.5,0,0.05,0.025,0,0.25,0.25,0.1111,0.0667,0.0333,0.3333,0.3333,0.3333
0,388,1.0,1.0,0.67,1.0,1.0,1.0,1.0,1.0,0.8,1.0,1.0,1.0,1.0,1.0,0.78,1.0,1.0,1.0,1.0,1.0,0.8,1.0,1.0,1.0
0,389,0,0.04,0.0533,0,0.2,0.2,0,0,0.0726,0,0,0.1429,0,0.0,0.0393,0,0.0,0.1429,0,0,0.0365,0,0,0.1429
0,390,0.1667,0.18,0.09,0.5,0.5,0.5,0.1667,0.1,0.05,0.5,0.5,0.5,0.3333,0.2,0.1,1.0,1.0,1.0,0.1667,0.1,0.05,0.5,0.5,0.5
0,391,0.1667,0.1,0.05,0.5,0.5,0.5,0,0,0.0,0,0,0.0,0,0.0,0.01,0,0.0,0.1,0,0,0.0,0,0,0.0
0,393,0.1667,0.1,0.1161,0.5,0.5,0.5,0.1111,0.0667,0.0952,0.3333,0.3333,0.3333,0,0.0,0.0393,0,0.0,0.1429,0.1111,0.0667,0.0619,0.3333,0.3333,0.3333
0,395,0.1111,0.0667,0.1495,0.3333,0.3333,0.3333,0.5556,0.4833,0.4213,1.0,1.0,1.0,0.6667,0.52,0.4396,1.0,1.0,1.0,0.5556,0.4833,0.4375,1.0,1.0,1.0
0,396,1.0,0.6,0.5909,1.0,1.0,1.0,0.6667,0.52,0.4581,1.0,1.0,1.0,0.3333,0.28,0.3763,1.0,1.0,1.0,0.6667,0.52,0.26,1.0,1.0,1.0
0,397,0.6667,0.4,0.2,1.0,1.0,1.0,0.3333,0.3,0.18,1.0,1.0,1.0,0.6667,0.4,0.2,1.0,1.0,1.0,0.3333,0.2,0.1333,1.0,1.0,1.0
0,398,0.5556,0.3333,0.2,1.0,1.0,1.0,0.1667,0.1,0.05,0.5,0.5,0.5,0.1111,0.0667,0.1095,0.3333,0.3333,0.3333,0.1111,0.0667,0.0333,0.3333,0.3333,0.3333
0,399,0.3889,0.5433,0.415,0.5,0.5,0.5,0,0,0.0717,0,0,0.1667,0,0.0,0.0393,0,0.0,0.1429,0,0,0.0343,0,0,0.1429
0,400,0.5556,0.3333,0.2738,1.0,1.0,1.0,0.1667,0.1,0.0786,0.5,0.5,0.5,0.1111,0.2867,0.1833,0.3333,0.3333,0.3333,0.3333,0.2,0.12,1.0,1.0,1.0
0,401,1.0,0.6,0.4127,1.0,1.0,1.0,1.0,0.8,0.4833,1.0,1.0,1.0,1.0,0.8,0.569,1.0,1.0,1.0,1.0,0.8,0.4,1.0,1.0,1.0
0,402,0.6667,0.4,0.25,1.0,1.0,1.0,0.1667,0.1,0.05,0.5,0.5,0.5,0.1667,0.1,0.0833,0.5,0.5,0.5,0,0.05,0.025,0,0.25,0.25
0,403,0.3333,0.2,0.1333,1.0,1.0,1.0,0,0,0.0,0,0,0.0,0,0.0,0.0,0,0.0,0.0,0,0,0.0,0,0,0.0
0,404,0,0.04,0.0861,0,0.2,0.2,0.1667,0.2,0.13,0.5,0.5,0.5,0.3889,0.2333,0.15,0.5,0.5,0.5,0,0.04,0.0533,0,0.2,0.2
0,405,0.6667,0.52,0.4731,1.0,1.0,1.0,0,0.04,0.0819,0,0.2,0.2,0,0.0,0.0452,0,0.0,0.1667,0.1111,0.0667,0.0967,0.3333,0.3333,0.3333
0,407,1.0,1.0,0.78,1.0,1.0,1.0,0.6667,0.55,0.275,1.0,1.0,1.0,0.3333,0.3,0.2,1.0,1.0,1.0,0.5556,0.4833,0.2417,1.0,1.0,1.0
0,408,0.1111,0.1467,0.1162,0.3333,0.3333,0.3333,0,0,0.0367,0,0,0.1667,0,0.0,0.0111,0,0.0,0.1111,0,0,0.0325,0,0,0.125
0,409,0.1667,0.1,0.05,0.5,0.5,0.5,0,0,0.0,0,0,0.0,0,0.0,0.0,0,0.0,0.0,0,0,0.0,0,0,0.0
0,410,0,0.04,0.045,0,0.2,0.2,0,0.04,0.0422,0,0.2,0.2,0,0.0,0.0367,0,0.0,0.1667,0,0,0.0111,0,0,0.1111
0,411,0,0.05,0.025,0,0.25,0.25,0.1111,0.1467,0.1233,0.3333,0.3333,0.3333,0.1111,0.2867,0.1433,0.3333,0.3333,0.3333,0,0.13,0.115,0,0.25,0.25
0,412,0,0,0.0,0,0,0.0,0,0,0.0125,0,0,0.125,0,0.05,0.025,0,0.25,0.25,0,0,0.0125,0,0,0.125
0,413,0,0.13,0.1079,0,0.25,0.25,0.3333,0.2,0.1,1.0,1.0,1.0,0.3333,0.2,0.1,1.0,1.0,1.0,0.3333,0.2,0.1,1.0,1.0,1.0
0,414,0.3333,0.2,0.1,1.0,1.0,1.0,0,0.04,0.045,0,0.2,0.2,0.1111,0.0667,0.0333,0.3333,0.3333,0.3333,0,0.04,0.02,0,0.2,0.2
0,415,0.3889,0.2333,0.1595,0.5,0.5,0.5,0.1111,0.1667,0.0833,0.3333,0.3333,0.3333,0.1667,0.1,0.0786,0.5,0.5,0.5,0.1111,0.0667,0.0333,0.3333,0.3333,0.3333
0,416,0.3333,0.3,0.1929,1.0,1.0,1.0,0.1111,0.1467,0.1233,0.3333,0.3333,0.3333,0,0.05,0.1233,0,0.25,0.25,0.1111,0.0667,0.0917,0.3333,0.3333,0.3333
0,417,0.3333,0.2,0.1286,1.0,1.0,1.0,0,0,0.0167,0,0,0.1667,0.1111,0.0667,0.0667,0.3333,0.3333,0.3333,0,0,0.0167,0,0,0.1667
0,418,0.6667,0.55,0.3946,1.0,1.0,1.0,0.1111,0.0667,0.0583,0.3333,0.3333,0.3333,0,0.05,0.0583,0,0.25,0.25,0.1111,0.0667,0.0667,0.3333,0.3333,0.3333
0,419,0.1667,0.32,0.2044,0.5,0.5,0.5,0,0.05,0.05,0,0.25,0.25,0,0.0,0.0726,0,0.0,0.1429,0,0,0.0125,0,0,0.125
0,420,0,0,0.0143,0,0,0.1429,0,0,0.0,0,0,0.0,0,0.0,0.0,0,0.0,0.0,0,0,0.0,0,0,0.0
0,421,0.6667,0.4,0.2375,1.0,1.0,1.0,0.3333,0.3,0.15,1.0,1.0,1.0,0.3333,0.2,0.1286,1.0,1.0,1.0,0.3333,0.28,0.14,1.0,1.0,1.0
0,422,0,0,0.0143,0,0,0.1429,0,0,0.0,0,0,0.0,0,0.04,0.02,0,0.2,0.2,0,0,0.0,0,0,0.0
0,423,0.5556,0.4833,0.2861,1.0,1.0,1.0,0,0.05,0.0583,0,0.25,0.25,0,0.05,0.0911,0,0.25,0.25,0,0.05,0.0883,0,0.25,0.25
0,424,0.3333,0.2,0.2019,1.0,1.0,1.0,0.3333,0.3,0.15,1.0,1.0,1.0,0.1111,0.1467,0.1108,0.3333,0.3333,0.3333,0.5556,0.3333,0.1667,1.0,1.0,1.0
0,425,0,0,0.0,0,0,0.0,0,0,0.01,0,0,0.1,0,0.0,0.0167,0,0.0,0.1667,0,0,0.0111,0,0,0.1111
0,426,0.5556,0.6433,0.405,1.0,1.0,1.0,0.3889,0.2333,0.1667,0.5,0.5,0.5,0.6667,0.4,0.25,1.0,1.0,1.0,0.1111,0.2867,0.1433,0.3333,0.3333,0.3333
0,427,0,0.05,0.0536,0,0.25,0.25,0.6667,0.55,0.325,1.0,1.0,1.0,0.5556,0.3333,0.2167,1.0,1.0,1.0,0.6667,0.55,0.325,1.0,1.0,1.0
0,428,0.3333,0.2,0.1661,1.0,1.0,1.0,0.1111,0.0667,0.0333,0.3333,0.3333,0.3333,0.1111,0.1667,0.0833,0.3333,0.3333,0.3333,0,0.05,0.025,0,0.25,0.25
0,429,0,0.04,0.04,0,0.2,0.2,0,0,0.0167,0,0,0.1667,0,0.04,0.02,0,0.2,0.2,0,0,0.0111,0,0,0.1111
0,430,0.3333,0.3,0.15,1.0,1.0,1.0,0.1667,0.2,0.1333,0.5,0.5,0.5,0.3333,0.3,0.2,1.0,1.0,1.0,0.1667,0.18,0.09,0.5,0.5,0.5
0,432,1.0,0.6,0.3444,1.0,1.0,1.0,0,0.05,0.0583,0,0.25,0.25,0.1667,0.1,0.0786,0.5,0.5,0.5,0.1667,0.2,0.1,0.5,0.5,0.5
0,433,0.3333,0.2,0.2067,1.0,1.0,1.0,0.1111,0.1467,0.1805,0.3333,0.3333,0.3333,0,0.04,0.1462,0,0.2,0.2,0.1111,0.1467,0.1233,0.3333,0.3333,0.3333
0,434,0.6667,0.4,0.3,1.0,1.0,1.0,0.1111,0.1667,0.0833,0.3333,0.3333,0.3333,0.3333,0.2,0.12,1.0,1.0,1.0,0.1111,0.1667,0.0833,0.3333,0.3333,0.3333
0,435,0.3333,0.42,0.3044,1.0,1.0,1.0,0.3333,0.3,0.2373,1.0,1.0,1.0,0.3333,0.28,0.19,1.0,1.0,1.0,0.3333,0.28,0.19,1.0,1.0,1.0
0,436,0.3333,0.2,0.1286,1.0,1.0,1.0,0.1111,0.0667,0.0333,0.3333,0.3333,0.3333,0.1667,0.1,0.05,0.5,0.5,0.5,0.1111,0.0667,0.0333,0.3333,0.3333,0.3333
0,437,0,0.04,0.0819,0,0.2,0.2,0,0.04,0.02,0,0.2,0.2,0,0.0,0.0393,0,0.0,0.1429,0,0.04,0.0486,0,0.2,0.2
0,438,0,0.04,0.0486,0,0.2,0.2,0,0,0.0143,0,0,0.1429,0,0.0,0.0111,0,0.0,0.1111,0,0,0.0143,0,0,0.1429
0,439,0.5556,0.4833,0.2988,1.0,1.0,1.0,0.3333,0.3,0.2,1.0,1.0,1.0,0.6667,0.4,0.2375,1.0,1.0,1.0,0.3333,0.3,0.2,1.0,1.0,1.0
0,440,0.6667,0.4,0.2333,1.0,1.0,1.0,0.3333,0.2,0.1286,1.0,1.0,1.0,0.3333,0.2,0.1586,1.0,1.0,1.0,0.3333,0.2,0.1222,1.0,1.0,1.0
0,441,0,0,0.0365,0,0,0.1429,0,0.05,0.025,0,0.25,0.25,0.1667,0.1,0.05,0.5,0.5,0.5,0,0.04,0.02,0,0.2,0.2
0,443,0.3333,0.42,0.5009,1.0,1.0,1.0,0.3333,0.2,0.1333,1.0,1.0,1.0,0.3333,0.3,0.15,1.0,1.0,1.0,0.3333,0.2,0.1333,1.0,1.0,1.0
0,444,0.3333,0.3,0.15,1.0,1.0,1.0,0.3333,0.28,0.2229,1.0,1.0,1.0,0.1667,0.1,0.1208,0.5,0.5,0.5,0.3333,0.28,0.14,1.0,1.0,1.0
0,445,0,0.04,0.0422,0,0.2,0.2,0,0,0.0,0,0,0.0,0,0.0,0.01,0,0.0,0.1,0,0,0.0,0,0,0.0
0,446,0.3333,0.2,0.1,1.0,1.0,1.0,0,0.05,0.025,0,0.25,0.25,0,0.0,0.0125,0,0.0,0.125,0.1111,0.0667,0.0333,0.3333,0.3333,0.3333
0,447,0.6667,0.4,0.3429,1.0,1.0,1.0,0.3889,0.2333,0.2238,0.5,0.5,0.5,0.3889,0.2333,0.19,0.5,0.5,0.5,0.3889,0.3533,0.2433,0.5,0.5,0.5
0,448,0.3333,0.28,0.1775,1.0,1.0,1.0,0,0,0.0167,0,0,0.1667,0,0.0,0.01,0,0.0,0.1,0,0,0.0167,0,0,0.1667
0,449,0.6667,0.4,0.23,1.0,1.0,1.0,0.3889,0.2333,0.15,0.5,0.5,0.5,0.1111,0.0667,0.0533,0.3333,0.3333,0.3333,0.3889,0.2333,0.1167,0.5,0.5,0.5
0,450,0,0.04,0.075,0,0.2,0.2,0.3333,0.2,0.1333,1.0,1.0,1.0,0.3333,0.2,0.125,1.0,1.0,1.0,0.3333,0.2,0.1333,1.0,1.0,1.0
0,451,0.1667,0.18,0.1329,0.5,0.5,0.5,0,0.04,0.0422,0,0.2,0.2,0,0.0,0.0417,0,0.0,0.1667,0,0,0.0365,0,0,0.1429
0,452,0.1667,0.1,0.0833,0.5,0.5,0.5,0,0,0.01,0,0,0.1,0,0.0,0.0,0,0.0,0.0,0,0.04,0.02,0,0.2,0.2
0,453,0,0,0.0,0,0,0.0,0,0,0.0143,0,0,0.1429,0,0.0,0.01,0,0.0,0.1,0,0,0.0143,0,0,0.1429
0,454,1.0,0.8,0.4556,1.0,1.0,1.0,0.6667,0.55,0.315,1.0,1.0,1.0,1.0,0.6,0.3667,1.0,1.0,1.0,0.6667,0.55,0.275,1.0,1.0,1.0
0,455,0.3889,0.2333,0.1167,0.5,0.5,0.5,0.5556,0.4533,0.2267,1.0,1.0,1.0,0.5556,0.3333,0.2167,1.0,1.0,1.0,0.5556,0.3333,0.1967,1.0,1.0,1.0
0,456,0.3333,0.28,0.14,1.0,1.0,1.0,0,0.13,0.065,0,0.25,0.25,0,0.0,0.0325,0,0.0,0.125,0,0.04,0.02,0,0.2,0.2
0,457,0.1667,0.2,0.1,0.5,0.5,0.5,0.1111,0.1667,0.1262,0.3333,0.3333,0.3333,0.1111,0.0667,0.0583,0.3333,0.3333,0.3333,0.1667,0.1,0.1161,0.5,0.5,0.5
0,458,0,0,0.0343,0,0,0.1429,0,0.05,0.025,0,0.25,0.25,0.1667,0.1,0.0722,0.5,0.5,0.5,0,0.05,0.05,0,0.25,0.25
0,459,0.6667,0.4,0.3,1.0,1.0,1.0,0.6667,0.52,0.4492,1.0,1.0,1.0,0.6667,0.4,0.4296,1.0,1.0,1.0,0.6667,0.55,0.3877,1.0,1.0,1.0
0,460,0.5556,0.4833,0.3639,1.0,1.0,1.0,0.1111,0.1467,0.0733,0.3333,0.3333,0.3333,0,0.0,0.0143,0,0.0,0.1429,0,0,0.0389,0,0,0.1667
0,461,1.0,0.8,0.5156,1.0,1.0,1.0,1.0,0.6,0.3667,1.0,1.0,1.0,0.5556,0.4833,0.3083,1.0,1.0,1.0,1.0,0.6,0.3444,1.0,1.0,1.0
0,462,0,0.05,0.025,0,0.25,0.25,0,0.04,0.0786,0,0.2,0.2,0.1111,0.0667,0.0883,0.3333,0.3333,0.3333,0.1111,0.0667,0.0619,0.3333,0.3333,0.3333
0,463,0.5556,0.4833,0.4072,1.0,1.0,1.0,0.3333,0.28,0.17,1.0,1.0,1.0,0.3333,0.2,0.1583,1.0,1.0,1.0,0.3333,0.2,0.1,1.0,1.0,1.0
0,464,0.3333,0.2,0.1333,1.0,1.0,1.0,0,0,0.0,0,0,0.0,0,0.0,0.0,0,0.0,0.0,0,0,0.0,0,0,0.0
0,465,0.5556,0.6433,0.3217,1.0,1.0,1.0,0.3333,0.2,0.12,1.0,1.0,1.0,0.3333,0.2,0.1583,1.0,1.0,1.0,0.3333,0.2,0.1333,1.0,1.0,1.0
0,466,0.6667,0.4,0.2873,1.0,1.0,1.0,1.0,0.6,0.3944,1.0,1.0,1.0,0.6667,0.4,0.23,1.0,1.0,1.0,0.6667,0.4,0.3071,1.0,1.0,1.0
0,467,0.3889,0.5433,0.3342,0.5,0.5,0.5,0.6667,0.71,0.5792,1.0,1.0,1.0,1.0,0.8,0.55,1.0,1.0,1.0,1.0,0.6,0.5909,1.0,1.0,1.0
0,468,0.3333,0.3,0.2444,1.0,1.0,1.0,0.3333,0.2,0.1,1.0,1.0,1.0,0.3333,0.2,0.1,1.0,1.0,1.0,0.3333,0.2,0.1,1.0,1.0,1.0
0,469,0,0,0.0,0,0,0.0,0.3889,0.2333,0.1167,0.5,0.5,0.5,0.3333,0.2,0.1708,1.0,1.0,1.0,0.5556,0.3333,0.1667,1.0,1.0,1.0
0,470,0.3333,0.2,0.1619,1.0,1.0,1.0,0.3333,0.2,0.1762,1.0,1.0,1.0,0.3333,0.2,0.1762,1.0,1.0,1.0,0.3333,0.2,0.1333,1.0,1.0,1.0
0,471,1.0,1.0,0.5,1.0,1.0,1.0,0,0.13,0.065,0,0.25,0.25,0.1111,0.0667,0.0952,0.3333,0.3333,0.3333,0,0.05,0.025,0,0.25,0.25
0,472,1.0,0.6,0.3444,1.0,1.0,1.0,0.1667,0.2,0.2071,0.5,0.5,0.5,0.1111,0.0667,0.0667,0.3333,0.3333,0.3333,0.1667,0.2,0.2071,0.5,0.5,0.5
0,474,0.3889,0.2333,0.1167,0.5,0.5,0.5,0,0,0.0,0,0,0.0,0,0.0,0.0,0,0.0,0.0,0,0,0.0,0,0,0.0
0,475,0.1667,0.18,0.12,0.5,0.5,0.5,0,0.04,0.02,0,0.2,0.2,0.1111,0.0667,0.0333,0.3333,0.3333,0.3333,0,0,0.0143,0,0,0.1429
0,476,0,0.13,0.065,0,0.25,0.25,0,0.05,0.0536,0,0.25,0.25,0,0.05,0.045,0,0.25,0.25,0,0.05,0.025,0,0.25,0.25
0,479,0,0,0.0143,0,0,0.1429,0.1111,0.0667,0.0333,0.3333,0.3333,0.3333,0,0.04,0.0533,0,0.2,0.2,0.3333,0.2,0.1,1.0,1.0,1.0
0,480,0.1667,0.1,0.05,0.5,0.5,0.5,0,0,0.0393,0,0,0.1429,0,0.0,0.0367,0,0.0,0.1667,0,0,0.0343,0,0,0.1429
0,482,0,0,0.0111,0,0,0.1111,0,0.05,0.0583,0,0.25,0.25,0,0.0,0.0143,0,0.0,0.1429,0.1667,0.18,0.09,0.5,0.5,0.5
0,483,0,0,0.0,0,0,0.0,0,0,0.0167,0,0,0.1667,0,0.0,0.0417,0,0.0,0.1667,0.1667,0.1,0.05,0.5,0.5,0.5
0,484,0,0.05,0.025,0,0.25,0.25,0,0,0.0,0,0,0.0,0,0.0,0.0,0,0.0,0.0,0,0,0.0,0,0,0.0
0,485,0.6667,0.52,0.26,1.0,1.0,1.0,1.0,0.6,0.3571,1.0,1.0,1.0,1.0,0.6,0.3444,1.0,1.0,1.0,1.0,0.6,0.3571,1.0,1.0,1.0
0,486,0.6667,0.4,0.29,1.0,1.0,1.0,0.3333,0.3,0.1875,1.0,1.0,1.0,0,0.04,0.0861,0,0.2,0.2,0.3889,0.2333,0.1167,0.5,0.5,0.5
0,487,1.0,1.0,0.56,1.0,1.0,1.0,0,0,0.0,0,0,0.0,0,0.0,0.0167,0,0.0,0.1667,0,0,0.0,0,0,0.0
0,488,0.3333,0.3,0.18,1.0,1.0,1.0,0,0,0.0143,0,0,0.1429,0.1667,0.1,0.05,0.5,0.5,0.5,0,0,0.0,0,0,0.0
0,489,0,0.04,0.02,0,0.2,0.2,0,0,0.0143,0,0,0.1429,0,0.05,0.025,0,0.25,0.25,0,0,0.0143,0,0,0.1429
0,490,0.5556,0.3333,0.1667,1.0,1.0,1.0,0.1667,0.1,0.05,0.5,0.5,0.5,0.1667,0.1,0.05,0.5,0.5,0.5,0.1667,0.1,0.05,0.5,0.5,0.5
0,491,1.0,0.8,0.4714,1.0,1.0,1.0,1.0,0.6,0.3,1.0,1.0,1.0,0.6667,0.52,0.26,1.0,1.0,1.0,1.0,0.6,0.3,1.0,1.0,1.0
0,492,0.3889,0.2333,0.1167,0.5,0.5,0.5,0,0.05,0.0583,0,0.25,0.25,0,0.0,0.0827,0,0.0,0.1667,0,0,0.0389,0,0,0.1667
0,493,1.0,0.6,0.4381,1.0,1.0,1.0,0.1667,0.1,0.1262,0.5,0.5,0.5,0,0.05,0.1311,0,0.25,0.25,0.1111,0.0667,0.1095,0.3333,0.3333,0.3333
0,494,1.0,0.6,0.5748,1.0,1.0,1.0,0.5556,0.4833,0.2917,1.0,1.0,1.0,0.5556,0.4833,0.2817,1.0,1.0,1.0,0.5556,0.4833,0.2917,1.0,1.0,1.0
0,495,0.1111,0.1467,0.1067,0.3333,0.3333,0.3333,0,0,0.0,0,0,0.0,0,0.0,0.0,0,0.0,0.0,0,0,0.0,0,0,0.0
0,496,0.3333,0.42,0.3322,1.0,1.0,1.0,1.0,0.8,0.569,1.0,1.0,1.0,1.0,0.6,0.4981,1.0,1.0,1.0,1.0,0.8,0.569,1.0,1.0,1.0
0,497,0.6667,0.4,0.2,1.0,1.0,1.0,0.3333,0.2,0.125,1.0,1.0,1.0,0.1667,0.18,0.1329,0.5,0.5,0.5,0.3333,0.2,0.12,1.0,1.0,1.0
0,498,0.6667,0.55,0.3194,1.0,1.0,1.0,0.5556,0.4533,0.2267,1.0,1.0,1.0,0,0.0,0.0325,0,0.0,0.125,0.5556,0.3333,0.1667,1.0,1.0,1.0
0,499,0.3333,0.2,0.1,1.0,1.0,1.0,0.5556,0.4533,0.2667,1.0,1.0,1.0,0.3333,0.2,0.1333,1.0,1.0,1.0,0.3333,0.28,0.2229,1.0,1.0,1.0
0,500,0.1667,0.1,0.1262,0.5,0.5,0.5,0.3333,0.2,0.1,1.0,1.0,1.0,0,0.0,0.0143,0,0.0,0.1429,0.3333,0.2,0.1222,1.0,1.0,1.0
0,501,0.3333,0.2,0.1,1.0,1.0,1.0,0.5556,0.4833,0.3613,1.0,1.0,1.0,0.5556,0.3333,0.3095,1.0,1.0,1.0,0.5556,0.3333,0.3111,1.0,1.0,1.0
0,502,0,0.04,0.045,0,0.2,0.2,0,0.05,0.0869,0,0.25,0.25,0.1111,0.1667,0.0833,0.3333,0.3333,0.3333,0.3333,0.2,0.125,1.0,1.0,1.0
0,503,0.6667,0.4,0.2,1.0,1.0,1.0,0,0,0.0143,0,0,0.1429,0,0.0,0.0,0,0.0,0.0,0,0,0.0143,0,0,0.1429
0,504,0.3333,0.42,0.25,1.0,1.0,1.0,0.1667,0.18,0.09,0.5,0.5,0.5,0,0.04,0.0833,0,0.2,0.2,0.1667,0.18,0.09,0.5,0.5,0.5
0,505,0.5556,0.6433,0.5208,1.0,1.0,1.0,1.0,0.8,0.5225,1.0,1.0,1.0,1.0,1.0,0.5,1.0,1.0,1.0,0.6667,0.4,0.4296,1.0,1.0,1.0
0,506,1.0,0.6,0.3,1.0,1.0,1.0,1.0,0.6,0.3,1.0,1.0,1.0,0.6667,0.55,0.275,1.0,1.0,1.0,1.0,0.6,0.3,1.0,1.0,1.0
0,509,0,0,0.0347,0,0,0.125,0.1111,0.0667,0.0333,0.3333,0.3333,0.3333,0,0.04,0.04,0,0.2,0.2,0.1111,0.0667,0.0333,0.3333,0.3333,0.3333
0,510,0.1111,0.0667,0.0556,0.3333,0.3333,0.3333,0,0,0.0125,0,0,0.125,0,0.0,0.0,0,0.0,0.0,0,0,0.0,0,0,0.0
0,511,0.1667,0.1,0.1561,0.5,0.5,0.5,0,0,0.0693,0,0,0.1429,0,0.0,0.0347,0,0.0,0.125,0,0,0.0111,0,0,0.1111
0,512,0.5556,0.6433,0.3217,1.0,1.0,1.0,0.1667,0.1,0.05,0.5,0.5,0.5,0.1667,0.1,0.075,0.5,0.5,0.5,0.1667,0.1,0.05,0.5,0.5,0.5
0,513,0.5556,0.4833,0.2861,1.0,1.0,1.0,0.1111,0.0667,0.0333,0.3333,0.3333,0.3333,0.1667,0.1,0.05,0.5,0.5,0.5,0.1111,0.0667,0.0333,0.3333,0.3333,0.3333
0,514,0.3333,0.2,0.1,1.0,1.0,1.0,0,0,0.0125,0,0,0.125,0,0.05,0.0583,0,0.25,0.25,0,0,0.0111,0,0,0.1111
0,515,0.6667,0.71,0.4264,1.0,1.0,1.0,1.0,0.8,0.4833,1.0,1.0,1.0,1.0,0.8,0.4833,1.0,1.0,1.0,0.6667,0.55,0.3694,1.0,1.0,1.0
0,516,0,0.13,0.2221,0,0.25,0.25,0.6667,0.55,0.275,1.0,1.0,1.0,0.6667,0.4,0.3071,1.0,1.0,1.0,1.0,0.6,0.3,1.0,1.0,1.0
0,517,0.6667,0.4,0.2375,1.0,1.0,1.0,0.6667,0.4,0.2,1.0,1.0,1.0,0.6667,0.4,0.2,1.0,1.0,1.0,0.3333,0.28,0.14,1.0,1.0,1.0
0,518,0.3889,0.2333,0.2067,0.5,0.5,0.5,0.5556,0.3333,0.2042,1.0,1.0,1.0,0.3333,0.2,0.1222,1.0,1.0,1.0,0.5556,0.3333,0.24,1.0,1.0,1.0
0,519,1.0,0.6,0.4222,1.0,1.0,1.0,0.6667,0.4,0.2375,1.0,1.0,1.0,0.6667,0.4,0.2733,1.0,1.0,1.0,0.6667,0.4,0.2375,1.0,1.0,1.0
0,520,0.1111,0.0667,0.0556,0.3333,0.3333,0.3333,0,0,0.0417,0,0,0.1667,0,0.0,0.0417,0,0.0,0.1667,0,0,0.0325,0,0,0.125
0,521,0.1667,0.1,0.0722,0.5,0.5,0.5,0,0.05,0.025,0,0.25,0.25,0,0.05,0.1012,0,0.25,0.25,0,0.05,0.025,0,0.25,0.25
0,522,0.3333,0.42,0.3171,1.0,1.0,1.0,0,0,0.01,0,0,0.1,0,0.0,0.0417,0,0.0,0.1667,0,0,0.0,0,0,0.0
0,523,0,0.05,0.025,0,0.25,0.25,0.1111,0.0667,0.0333,0.3333,0.3333,0.3333,0.1667,0.2,0.1333,0.5,0.5,0.5,0.1111,0.0667,0.0333,0.3333,0.3333,0.3333
0,524,1.0,1.0,0.5857,1.0,1.0,1.0,0.5556,0.4833,0.2417,1.0,1.0,1.0,0.5556,0.4833,0.3083,1.0,1.0,1.0,0.5556,0.3333,0.1667,1.0,1.0,1.0
0,525,0,0,0.0143,0,0,0.1429,0.1111,0.0667,0.0333,0.3333,0.3333,0.3333,0.1111,0.0667,0.0333,0.3333,0.3333,0.3333,0.3333,0.2,0.1,1.0,1.0,1.0
0,526,0.3333,0.2,0.1,1.0,1.0,1.0,0,0,0.0,0,0,0.0,0.1111,0.0667,0.0333,0.3333,0.3333,0.3333,0,0,0.0,0,0,0.0
0,527,0,0.04,0.02,0,0.2,0.2,0,0,0.0367,0,0,0.1667,0,0.04,0.02,0,0.2,0.2,0,0,0.0111,0,0,0.1111
0,528,0.1667,0.32,0.2267,0.5,0.5,0.5,0.1667,0.1,0.1119,0.5,0.5,0.5,0.1667,0.18,0.1844,0.5,0.5,0.5,0.3333,0.28,0.17,1.0,1.0,1.0
0,530,1.0,1.0,0.5,1.0,1.0,1.0,0.1667,0.18,0.09,0.5,0.5,0.5,0,0.05,0.0583,0,0.25,0.25,0,0,0.0167,0,0,0.1667
0,531,0.6667,0.55,0.4708,1.0,1.0,1.0,1.0,0.6,0.3944,1.0,1.0,1.0,1.0,0.76,0.38,1.0,1.0,1.0,1.0,0.6,0.34,1.0,1.0,1.0
0,532,0.3333,0.2,0.1333,1.0,1.0,1.0,0.3333,0.3,0.1833,1.0,1.0,1.0,0.3333,0.2,0.1762,1.0,1.0,1.0,0.3333,0.3,0.15,1.0,1.0,1.0
0,533,0.6667,0.4,0.2,1.0,1.0,1.0,0.3333,0.2,0.1,1.0,1.0,1.0,0.3333,0.2,0.1,1.0,1.0,1.0,0,0.05,0.025,0,0.25,0.25
0,534,0.3333,0.3,0.15,1.0,1.0,1.0,0.6667,0.4,0.25,1.0,1.0,1.0,0.6667,0.4,0.2429,1.0,1.0,1.0,0.3333,0.42,0.2767,1.0,1.0,1.0
0,536,0.6667,0.55,0.3417,1.0,1.0,1.0,0.6667,0.52,0.3171,1.0,1.0,1.0,0.5556,0.4533,0.2838,1.0,1.0,1.0,0.6667,0.52,0.26,1.0,1.0,1.0
0,537,0.6667,0.52,0.31,1.0,1.0,1.0,0.6667,0.4,0.2,1.0,1.0,1.0,0.6667,0.4,0.2,1.0,1.0,1.0,0.6667,0.4,0.2,1.0,1.0,1.0
0,538,0.6667,0.71,0.4106,1.0,1.0,1.0,0.1111,0.1467,0.1033,0.3333,0.3333,0.3333,0.1667,0.18,0.1329,0.5,0.5,0.5,0.1111,0.1467,0.1067,0.3333,0.3333,0.3333
0,539,1.0,0.6,0.4292,1.0,1.0,1.0,1.0,1.0,0.6,1.0,1.0,1.0,0.6667,0.55,0.4406,1.0,1.0,1.0,1.0,1.0,0.5,1.0,1.0,1.0
0,540,1.0,0.8,0.4833,1.0,1.0,1.0,0.6667,0.55,0.3417,1.0,1.0,1.0,0.6667,0.71,0.4264,1.0,1.0,1.0,0.6667,0.55,0.275,1.0,1.0,1.0
0,541,0.6667,0.4,0.2929,1.0,1.0,1.0,0.3333,0.3,0.15,1.0,1.0,1.0,0.1667,0.1,0.0833,0.5,0.5,0.5,0.3333,0.3,0.15,1.0,1.0,1.0
0,542,0.1667,0.1,0.07,0.5,0.5,0.5,0,0.05,0.08,0,0.25,0.25,0,0.04,0.045,0,0.2,0.2,0,0.05,0.05,0,0.25,0.25
0,543,0.1667,0.2,0.1733,0.5,0.5,0.5,0.3333,0.28,0.14,1.0,1.0,1.0,0.3333,0.2,0.1633,1.0,1.0,1.0,0.5556,0.3333,0.2042,1.0,1.0,1.0
0,544,0.3333,0.28,0.1775,1.0,1.0,1.0,0.5556,0.6433,0.3717,1.0,1.0,1.0,0.1667,0.32,0.2267,0.5,0.5,0.5,0.3889,0.5433,0.3272,0.5,0.5,0.5
0,546,0.3333,0.28,0.14,1.0,1.0,1.0,0.6667,0.4,0.2333,1.0,1.0,1.0,0.5556,0.3333,0.1667,1.0,1.0,1.0,0.1667,0.1,0.05,0.5,0.5,0.5
0,547,0.1111,0.1467,0.0733,0.3333,0.3333,0.3333,0.3889,0.3833,0.1917,0.5,0.5,0.5,0.3889,0.3833,0.1917,0.5,0.5,0.5,0.1111,0.2867,0.1433,0.3333,0.3333,0.3333
0,548,0.6667,0.4,0.2,1.0,1.0,1.0,0.3333,0.2,0.2105,1.0,1.0,1.0,0.3333,0.42,0.4081,1.0,1.0,1.0,0.3333,0.2,0.1633,1.0,1.0,1.0
0,549,1.0,0.8,0.4714,1.0,1.0,1.0,0.6667,0.71,0.405,1.0,1.0,1.0,0.5556,0.6433,0.3217,1.0,1.0,1.0,1.0,0.76,0.43,1.0,1.0,1.0
0,550,0.3889,0.2333,0.1167,0.5,0.5,0.5,0.6667,0.52,0.26,1.0,1.0,1.0,0.5556,0.3333,0.1667,1.0,1.0,1.0,0.6667,0.52,0.3044,1.0,1.0,1.0
0,551,1.0,0.6,0.4127,1.0,1.0,1.0,0.5556,0.3333,0.24,1.0,1.0,1.0,0.3333,0.2,0.1522,1.0,1.0,1.0,0.5556,0.4833,0.2417,1.0,1.0,1.0
0,552,0,0,0.0,0,0,0.0,0,0,0.0,0,0,0.0,0,0.0,0.0,0,0.0,0.0,0,0,0.0143,0,0,0.1429
0,553,0.5556,0.3333,0.2,1.0,1.0,1.0,0,0,0.0111,0,0,0.1111,0,0.0,0.01,0,0.0,0.1,0,0,0.0343,0,0,0.1429
0,554,0.3333,0.2,0.1,1.0,1.0,1.0,0,0,0.0,0,0,0.0,0,0.0,0.0,0,0.0,0.0,0,0,0.0,0,0,0.0
0,555,0.3889,0.2333,0.1167,0.5,0.5,0.5,0.3889,0.2333,0.1167,0.5,0.5,0.5,0.3889,0.2333,0.1167,0.5,0.5,0.5,0.3889,0.2333,0.1167,0.5,0.5,0.5
0,556,1.0,0.8,0.5583,1.0,1.0,1.0,1.0,0.76,0.549,1.0,1.0,1.0,1.0,0.6,0.4381,1.0,1.0,1.0,1.0,0.76,0.549,1.0,1.0,1.0
0,557,0.6667,0.4,0.2,1.0,1.0,1.0,0.5556,0.3333,0.1667,1.0,1.0,1.0,0.6667,0.4,0.2,1.0,1.0,1.0,0.3333,0.3,0.15,1.0,1.0,1.0
0,558,0.5556,0.3333,0.1667,1.0,1.0,1.0,0.1667,0.1,0.0833,0.5,0.5,0.5,0.3333,0.2,0.12,1.0,1.0,1.0,0.1667,0.1,0.0833,0.5,0.5,0.5
0,559,0.3333,0.2,0.155,1.0,1.0,1.0,0,0.05,0.045,0,0.25,0.25,0,0.0,0.0143,0,0.0,0.1429,0,0,0.0,0,0,0.0
0,560,0,0,0.0,0,0,0.0,0,0.05,0.0472,0,0.25,0.25,0,0.0,0.01,0,0.0,0.1,0,0.04,0.0486,0,0.2,0.2
0,561,0.1667,0.2,0.1333,0.5,0.5,0.5,0.3333,0.2,0.1,1.0,1.0,1.0,0.1667,0.1,0.0722,0.5,0.5,0.5,0.1667,0.1,0.05,0.5,0.5,0.5
0,562,0.1667,0.1,0.075,0.5,0.5,0.5,0,0,0.0,0,0,0.0,0,0.0,0.0,0,0.0,0.0,0,0,0.0,0,0,0.0
0,563,0,0,0.0,0,0,0.0,0,0,0.01,0,0,0.1,0,0.05,0.025,0,0.25,0.25,0,0,0.0,0,0,0.0
0,564,0,0,0.0347,0,0,0.125,0,0,0.0786,0,0,0.1667,0,0.0,0.0452,0,0.0,0.1667,0,0,0.0311,0,0,0.1111
0,565,0,0.05,0.045,0,0.25,0.25,0.1667,0.1,0.07,0.5,0.5,0.5,0,0.04,0.02,0,0.2,0.2,0,0,0.01,0,0,0.1
0,566,0.1667,0.2,0.15,0.5,0.5,0.5,0,0,0.0167,0,0,0.1667,0,0.0,0.0167,0,0.0,0.1667,0,0.04,0.02,0,0.2,0.2
0,567,0.6667,0.52,0.3171,1.0,1.0,1.0,0.3333,0.2,0.1586,1.0,1.0,1.0,0.3333,0.2,0.1286,1.0,1.0,1.0,0.3333,0.28,0.1733,1.0,1.0,1.0
0,568,0.6667,0.4,0.2,1.0,1.0,1.0,0.3333,0.28,0.2344,1.0,1.0,1.0,0.3889,0.2333,0.1595,0.5,0.5,0.5,0.3333,0.28,0.2344,1.0,1.0,1.0
0,570,0.5556,0.3333,0.2095,1.0,1.0,1.0,0.3333,0.3,0.1833,1.0,1.0,1.0,0.3333,0.2,0.1,1.0,1.0,1.0,0.3333,0.28,0.14,1.0,1.0,1.0
0,571,0.6667,0.52,0.26,1.0,1.0,1.0,0.6667,0.4,0.2429,1.0,1.0,1.0,0.6667,0.52,0.26,1.0,1.0,1.0,0.6667,0.4,0.2429,1.0,1.0,1.0
0,572,0,0.04,0.02,0,0.2,0.2,0,0,0.0311,0,0,0.1111,0,0.0,0.01,0,0.0,0.1,0,0,0.0,0,0,0.0
0,573,0,0,0.01,0,0,0.1,0.1667,0.18,0.1675,0.5,0.5,0.5,0.1667,0.1,0.0786,0.5,0.5,0.5,0,0.13,0.1594,0,0.25,0.25
0,574,0.5556,0.3333,0.1667,1.0,1.0,1.0,0.5556,0.3333,0.1967,1.0,1.0,1.0,0.3333,0.28,0.17,1.0,1.0,1.0,0.5556,0.3333,0.2042,1.0,1.0,1.0
0,575,0.3333,0.2,0.1222,1.0,1.0,1.0,0,0,0.0367,0,0,0.1667,0.3333,0.2,0.1,1.0,1.0,1.0,0,0,0.0367,0,0,0.1667
0,577,0.6667,0.4,0.23,1.0,1.0,1.0,0,0.13,0.065,0,0.25,0.25,0.1667,0.18,0.09,0.5,0.5,0.5,0.1111,0.0667,0.0967,0.3333,0.3333,0.3333
0,578,0.1667,0.1,0.075,0.5,0.5,0.5,0.3333,0.3,0.18,1.0,1.0,1.0,0.3333,0.2,0.1522,1.0,1.0,1.0,0.5556,0.3333,0.1667,1.0,1.0,1.0
0,579,0.1111,0.2867,0.2005,0.3333,0.3333,0.3333,0.1667,0.1,0.105,0.5,0.5,0.5,0,0.0,0.0125,0,0.0,0.125,0.1667,0.1,0.075,0.5,0.5,0.5
0,580,1.0,0.76,0.4356,1.0,1.0,1.0,0.3333,0.3,0.15,1.0,1.0,1.0,0,0.04,0.0533,0,0.2,0.2,0.1111,0.1467,0.0733,0.3333,0.3333,0.3333
0,581,0.3333,0.2,0.1333,1.0,1.0,1.0,0.1111,0.0667,0.0333,0.3333,0.3333,0.3333,0,0.04,0.02,0,0.2,0.2,0,0.05,0.025,0,0.25,0.25
0,582,0,0.05,0.0833,0,0.25,0.25,0.3333,0.3,0.2,1.0,1.0,1.0,0.3333,0.2,0.125,1.0,1.0,1.0,0.3333,0.28,0.1775,1.0,1.0,1.0
0,583,0.6667,0.4,0.3696,1.0,1.0,1.0,0.5556,0.4833,0.3798,1.0,1.0,1.0,0.6667,0.4,0.4084,1.0,1.0,1.0,0.5556,0.6433,0.4598,1.0,1.0,1.0
0,584,0,0,0.0,0,0,0.0,0,0,0.0143,0,0,0.1429,0,0.0,0.0111,0,0.0,0.1111,0,0.05,0.025,0,0.25,0.25
0,585,0.1667,0.18,0.1233,0.5,0.5,0.5,0.1111,0.1467,0.0733,0.3333,0.3333,0.3333,0.1111,0.1667,0.0833,0.3333,0.3333,0.3333,0.1667,0.1,0.07,0.5,0.5,0.5
0,586,0.3889,0.2333,0.1167,0.5,0.5,0.5,0,0,0.0365,0,0,0.1429,0.1667,0.1,0.07,0.5,0.5,0.5,0,0,0.0,0,0,0.0
0,587,0,0.04,0.045,0,0.2,0.2,0,0.05,0.0583,0,0.25,0.25,0,0.0,0.0,0,0.0,0.0,0,0.05,0.045,0,0.25,0.25
0,588,0.3333,0.28,0.14,1.0,1.0,1.0,0.1111,0.1667,0.0833,0.3333,0.3333,0.3333,0.1111,0.0667,0.0667,0.3333,0.3333,0.3333,0,0.05,0.05,0,0.25,0.25
0,589,0,0,0.0,0,0,0.0,0,0.04,0.02,0,0.2,0.2,0.3333,0.2,0.1,1.0,1.0,1.0,0,0,0.0125,0,0,0.125
0,590,0,0,0.0717,0,0,0.1667,0,0,0.0,0,0,0.0,0,0.0,0.0,0,0.0,0.0,0,0,0.0,0,0,0.0
0,591,0.6667,0.4,0.2333,1.0,1.0,1.0,0.1667,0.1,0.05,0.5,0.5,0.5,0.1667,0.1,0.075,0.5,0.5,0.5,0,0.05,0.025,0,0.25,0.25
0,592,0.6667,0.4,0.2829,1.0,1.0,1.0,0.1667,0.1,0.0833,0.5,0.5,0.5,0,0.05,0.025,0,0.25,0.25,0.3333,0.2,0.1,1.0,1.0,1.0
0,593,0.3333,0.28,0.2229,1.0,1.0,1.0,1.0,0.76,0.38,1.0,1.0,1.0,0.6667,0.71,0.355,1.0,1.0,1.0,0.5556,0.6433,0.3217,1.0,1.0,1.0
0,594,0,0.05,0.025,0,0.25,0.25,0,0.05,0.0472,0,0.25,0.25,0.1667,0.1,0.05,0.5,0.5,0.5,0,0,0.0417,0,0,0.1667
0,595,0,0.05,0.0917,0,0.25,0.25,0.3333,0.2,0.1333,1.0,1.0,1.0,0,0.04,0.04,0,0.2,0.2,0.3333,0.2,0.1222,1.0,1.0,1.0
0,596,0.6667,0.52,0.3267,1.0,1.0,1.0,0.1111,0.0667,0.0619,0.3333,0.3333,0.3333,0,0.0,0.01,0,0.0,0.1,0.1111,0.0667,0.0333,0.3333,0.3333,0.3333
0,597,0.3333,0.28,0.14,1.0,1.0,1.0,0.1667,0.1,0.07,0.5,0.5,0.5,0.1111,0.0667,0.0333,0.3333,0.3333,0.3333,0.1667,0.1,0.07,0.5,0.5,0.5
0,598,0.5556,0.3333,0.2495,1.0,1.0,1.0,0.3333,0.2,0.1333,1.0,1.0,1.0,0.3333,0.2,0.1222,1.0,1.0,1.0,0.3333,0.2,0.1,1.0,1.0,1.0
0,599,0,0.13,0.1079,0,0.25,0.25,0,0,0.0143,0,0,0.1429,0,0.0,0.0389,0,0.0,0.1667,0,0,0.0111,0,0,0.1111
0,600,0,0,0.0,0,0,0.0,0,0,0.0,0,0,0.0,0,0.0,0.0,0,0.0,0.0,0,0,0.0,0,0,0.0
0,601,0.6667,0.4,0.2,1.0,1.0,1.0,0.3333,0.2,0.1222,1.0,1.0,1.0,0.3333,0.2,0.1,1.0,1.0,1.0,0.3333,0.2,0.12,1.0,1.0,1.0
0,602,0.1667,0.1,0.105,0.5,0.5,0.5,0,0,0.0111,0,0,0.1111,0,0.0,0.0,0,0.0,0.0,0,0,0.0,0,0,0.0
0,603,0.3333,0.2,0.1667,1.0,1.0,1.0,0.1111,0.0667,0.0333,0.3333,0.3333,0.3333,0,0.04,0.0533,0,0.2,0.2,0,0,0.0717,0,0,0.1667
0,604,0,0,0.0,0,0,0.0,0,0,0.0111,0,0,0.1111,0,0.0,0.0111,0,0.0,0.1111,0,0,0.0452,0,0,0.1667
0,605,0.1667,0.2,0.1429,0.5,0.5,0.5,0.6667,0.52,0.26,1.0,1.0,1.0,0.6667,0.4,0.2,1.0,1.0,1.0,0.6667,0.4,0.2333,1.0,1.0,1.0
0,606,0.1111,0.0667,0.0667,0.3333,0.3333,0.3333,0,0,0.0,0,0,0.0,0,0.0,0.0,0,0.0,0.0,0,0,0.0,0,0,0.0
0,607,0.3333,0.2,0.1,1.0,1.0,1.0,0,0.13,0.155,0,0.25,0.25,0,0.0,0.0452,0,0.0,0.1667,0.6667,0.4,0.25,1.0,1.0,1.0
0,608,0,0,0.0125,0,0,0.125,0,0,0.0125,0,0,0.125,0,0.0,0.01,0,0.0,0.1,0,0,0.0167,0,0,0.1667
0,610,0.1111,0.1667,0.0833,0.3333,0.3333,0.3333,0.3889,0.2333,0.1167,0.5,0.5,0.5,0.3889,0.2333,0.1542,0.5,0.5,0.5,0.1667,0.1,0.0833,0.5,0.5,0.5
