,userId,max_wp_p3,max_wp_p5,max_wp_p10,max_wp_mrr3,max_wp_mrr5,max_wp_mrr10,cos_ns_p3,cos_ns_p5,cos_ns_p10,cos_ns_mrr3,cos_ns_mrr5,cos_ns_mrr10,cos_ls_p3,cos_ls_p5,cos_ls_p10,cos_ls_mrr3,cos_ls_mrr5,cos_ls_mrr10,cos_sk_p3,cos_sk_p5,cos_sk_p10,cos_sk_mrr3,cos_sk_mrr5,cos_sk_mrr10
0,1,0.0,0.0,0.1,0.0,0.0,0.0479,0.0,0.0,0.1,0.0,0.0,0.0646,0.0,0.2,0.2,0.0,0.09,0.1307,0.0,0.0,0.1,0.0,0.0,0.0336
0,2,0.3333,0.4,0.4,0.6111,0.5467,0.5149,0.3333,0.4,0.3,0.6111,0.5467,0.4361,0.0,0.2,0.3,0.0,0.04,0.1702,0.3333,0.4,0.2,0.6111,0.5467,0.4024
0,3,0.3333,0.4,0.4,0.6111,0.5467,0.4572,0.6667,0.8,0.6,0.8889,0.8433,0.7656,1.0,0.8,0.7,1.0,0.96,0.8409,0.6667,0.6,0.7,0.8889,0.7533,0.7375
0,4,0.3333,0.4,0.2,0.1111,0.1967,0.2275,0.3333,0.2,0.1,0.1111,0.1567,0.1429,0.3333,0.2,0.2,0.1111,0.1567,0.164,0.0,0.2,0.1,0.0,0.09,0.1096
0,5,0.3333,0.4,0.4,0.2778,0.2967,0.3353,0.3333,0.2,0.3,0.2778,0.2567,0.2476,0.3333,0.2,0.3,0.2778,0.2567,0.2476,0.0,0.2,0.1,0.0,0.09,0.1096
0,6,0.3333,0.2,0.1,0.6111,0.4567,0.2929,0.0,0.0,0.1,0.0,0.0,0.0479,0.0,0.0,0.0,0.0,0.0,0.0,0.0,0.0,0.0,0.0,0.0,0.0
0,7,0.3333,0.4,0.2,0.1111,0.2467,0.2524,0.3333,0.2,0.1,0.2778,0.2567,0.1929,0.3333,0.2,0.1,0.2778,0.2567,0.1929,0.3333,0.2,0.1,0.2778,0.2567,0.1929
0,8,0.6667,0.4,0.3,0.8889,0.7133,0.5337,0.0,0.0,0.0,0.0,0.0,0.0,0.0,0.0,0.1,0.0,0.0,0.0211,0.0,0.0,0.0,0.0,0.0,0.0
0,9,0.0,0.2,0.1,0.0,0.09,0.1096,0.3333,0.4,0.2,0.2778,0.3467,0.3024,0.0,0.2,0.2,0.0,0.04,0.1057,0.3333,0.4,0.3,0.2778,0.3467,0.3361
0,10,0.3333,0.6,0.3,0.1111,0.2867,0.337,0.3333,0.4,0.6,0.6111,0.5467,0.5696,0.6667,0.4,0.4,0.3889,0.4133,0.3669,0.6667,0.6,0.4,0.8889,0.7533,0.604
0,11,1.0,0.8,0.7,1.0,0.96,0.8575,0.3333,0.6,0.4,0.6111,0.5867,0.5516,0.6667,0.6,0.5,0.8889,0.7533,0.6828,0.3333,0.6,0.4,0.6111,0.5867,0.5349
0,12,0.6667,0.4,0.4,0.8889,0.7133,0.5715,0.6667,0.8,0.6,0.7222,0.7433,0.6989,0.6667,0.6,0.6,0.7222,0.6533,0.623,0.6667,0.8,0.6,0.7222,0.7433,0.6989
0,13,0.6667,0.4,0.4,0.7222,0.6133,0.5104,0.6667,0.6,0.5,0.8889,0.7533,0.6282,0.6667,0.6,0.5,0.7222,0.6533,0.6019,0.3333,0.4,0.4,0.6111,0.5467,0.4715
0,14,0.6667,0.4,0.4,0.7222,0.6133,0.5173,0.0,0.2,0.2,0.0,0.09,0.1741,0.0,0.0,0.1,0.0,0.0,0.01,0.3333,0.2,0.2,0.2778,0.2567,0.2029
0,15,0.3333,0.2,0.1,0.6111,0.4567,0.2929,0.3333,0.2,0.2,0.2778,0.2567,0.2265,0.3333,0.2,0.1,0.6111,0.4567,0.2929,0.3333,0.2,0.1,0.2778,0.2567,0.1929
0,16,0.0,0.0,0.0,0.0,0.0,0.0,0.0,0.2,0.1,0.0,0.04,0.0846,0.0,0.2,0.1,0.0,0.09,0.1096,0.0,0.0,0.1,0.0,0.0,0.01
0,17,1.0,0.8,0.4,1.0,0.91,0.7132,0.0,0.2,0.1,0.0,0.04,0.0846,0.0,0.0,0.2,0.0,0.0,0.0982,0.0,0.2,0.1,0.0,0.04,0.0846
0,19,0.3333,0.2,0.2,0.6111,0.4567,0.3408,0.0,0.2,0.1,0.0,0.04,0.0846,0.3333,0.2,0.1,0.2778,0.2567,0.1929,0.0,0.2,0.1,0.0,0.09,0.1096
0,20,0.3333,0.4,0.2,0.2778,0.2967,0.2774,0.3333,0.2,0.2,0.1111,0.1567,0.1908,0.0,0.2,0.2,0.0,0.09,0.1741,0.0,0.0,0.2,0.0,0.0,0.0857
0,21,0.3333,0.2,0.4,0.6111,0.4567,0.3719,0.3333,0.4,0.2,0.6111,0.4967,0.3774,0.3333,0.2,0.1,0.2778,0.2567,0.1929,0.3333,0.4,0.3,0.6111,0.4967,0.3874
0,22,0.0,0.2,0.2,0.0,0.09,0.1196,0.6667,0.4,0.2,0.3889,0.4133,0.3358,0.6667,0.4,0.2,0.7222,0.6133,0.4358,0.3333,0.4,0.2,0.1111,0.2467,0.2524
0,23,0.3333,0.2,0.2,0.2778,0.2567,0.2029,0.3333,0.2,0.1,0.6111,0.4567,0.2929,0.3333,0.2,0.2,0.2778,0.2567,0.2265,0.3333,0.2,0.2,0.6111,0.4567,0.3265
0,24,0.6667,0.6,0.6,0.8889,0.8033,0.6744,0.3333,0.2,0.1,0.2778,0.2567,0.1929,0.3333,0.2,0.2,0.1111,0.1567,0.1908,0.0,0.2,0.1,0.0,0.04,0.0846
0,25,0.6667,0.6,0.5,0.7222,0.7033,0.6578,0.0,0.0,0.2,0.0,0.0,0.0982,0.0,0.0,0.1,0.0,0.0,0.01,0.0,0.2,0.2,0.0,0.09,0.1432
0,27,0.6667,0.4,0.3,0.7222,0.6133,0.4837,0.3333,0.2,0.2,0.2778,0.2567,0.214,0.3333,0.4,0.3,0.2778,0.3467,0.3361,0.3333,0.2,0.2,0.2778,0.2567,0.2408
0,28,0.3333,0.2,0.3,0.6111,0.4567,0.324,0.0,0.0,0.0,0.0,0.0,0.0,0.3333,0.4,0.3,0.1111,0.2467,0.317,0.0,0.0,0.1,0.0,0.0,0.01
0,30,0.6667,0.6,0.3,0.8889,0.7533,0.5704,0.0,0.2,0.1,0.0,0.09,0.1096,0.3333,0.2,0.1,0.6111,0.4567,0.2929,0.0,0.0,0.1,0.0,0.0,0.0646
0,31,1.0,0.6,0.5,1.0,0.87,0.7102,0.6667,0.4,0.3,0.3889,0.4133,0.3569,0.3333,0.4,0.3,0.6111,0.4967,0.3874,0.6667,0.4,0.2,0.7222,0.6133,0.4358
0,32,0.0,0.2,0.2,0.0,0.04,0.1057,0.0,0.2,0.2,0.0,0.09,0.1575,0.0,0.2,0.3,0.0,0.04,0.1425,0.0,0.2,0.2,0.0,0.09,0.1196
0,33,0.6667,0.4,0.2,0.7222,0.6133,0.4358,0.6667,0.4,0.3,0.8889,0.7133,0.5194,0.6667,0.4,0.4,0.7222,0.6133,0.4937,0.6667,0.4,0.2,0.8889,0.7133,0.4858
0,35,0.3333,0.2,0.3,0.6111,0.4567,0.3476,0.6667,0.4,0.2,0.8889,0.7133,0.4858,0.6667,0.4,0.2,0.7222,0.6133,0.4358,0.6667,0.4,0.2,0.8889,0.7133,0.4858
0,37,0.6667,0.6,0.3,0.7222,0.7033,0.5454,0.3333,0.4,0.3,0.1111,0.2467,0.2861,0.0,0.2,0.4,0.0,0.04,0.2181,0.0,0.0,0.3,0.0,0.0,0.0647
0,38,0.0,0.0,0.1,0.0,0.0,0.0479,0.0,0.2,0.2,0.0,0.09,0.1307,0.0,0.0,0.0,0.0,0.0,0.0,0.0,0.2,0.1,0.0,0.04,0.0846
0,39,0.3333,0.4,0.4,0.1111,0.1967,0.2586,0.0,0.0,0.2,0.0,0.0,0.069,0.0,0.2,0.1,0.0,0.04,0.0846,0.3333,0.2,0.1,0.6111,0.4567,0.2929
0,40,0.0,0.0,0.1,0.0,0.0,0.0479,0.0,0.0,0.1,0.0,0.0,0.01,0.0,0.0,0.1,0.0,0.0,0.01,0.0,0.0,0.0,0.0,0.0,0.0
0,41,0.3333,0.4,0.3,0.1111,0.1967,0.2611,0.0,0.0,0.0,0.0,0.0,0.0,0.0,0.0,0.1,0.0,0.0,0.0336,0.0,0.0,0.0,0.0,0.0,0.0
0,42,0.3333,0.4,0.2,0.6111,0.5467,0.4024,0.0,0.0,0.0,0.0,0.0,0.0,0.0,0.0,0.2,0.0,0.0,0.0547,0.0,0.0,0.1,0.0,0.0,0.0336
0,44,0.0,0.0,0.2,0.0,0.0,0.1125,0.0,0.2,0.3,0.0,0.04,0.1157,0.0,0.2,0.3,0.0,0.09,0.2077,0.0,0.0,0.1,0.0,0.0,0.0646
0,45,0.0,0.2,0.1,0.0,0.04,0.0846,0.0,0.2,0.1,0.0,0.09,0.1096,0.0,0.2,0.2,0.0,0.04,0.1491,0.0,0.2,0.1,0.0,0.04,0.0846
0,46,0.3333,0.4,0.2,0.2778,0.3467,0.3024,0.3333,0.2,0.1,0.1111,0.1567,0.1429,0.0,0.0,0.1,0.0,0.0,0.0336,0.3333,0.2,0.1,0.1111,0.1567,0.1429
0,47,0.3333,0.2,0.2,0.2778,0.2567,0.2408,0.3333,0.2,0.1,0.1111,0.1567,0.1429,0.3333,0.2,0.1,0.1111,0.1567,0.1429,0.3333,0.2,0.2,0.6111,0.4567,0.3408
0,48,0.6667,0.4,0.2,0.7222,0.6133,0.4358,0.3333,0.4,0.5,0.6111,0.5467,0.536,0.3333,0.2,0.2,0.6111,0.4567,0.3408,0.6667,0.6,0.4,0.8889,0.8033,0.6165
0,49,0.6667,0.4,0.2,0.8889,0.7133,0.4858,0.0,0.0,0.1,0.0,0.0,0.01,0.0,0.0,0.1,0.0,0.0,0.0336,0.0,0.0,0.0,0.0,0.0,0.0
0,50,0.3333,0.2,0.2,0.6111,0.4567,0.3408,0.0,0.0,0.0,0.0,0.0,0.0,0.0,0.0,0.0,0.0,0.0,0.0,0.0,0.0,0.0,0.0,0.0,0.0
0,51,0.0,0.2,0.1,0.0,0.04,0.0846,0.0,0.0,0.0,0.0,0.0,0.0,0.0,0.0,0.0,0.0,0.0,0.0,0.0,0.2,0.1,0.0,0.04,0.0846
0,52,0.3333,0.4,0.3,0.6111,0.4967,0.3986,0.3333,0.4,0.3,0.6111,0.5467,0.467,0.3333,0.6,0.3,0.1111,0.2867,0.337,0.6667,0.4,0.3,0.7222,0.6133,0.5004
0,53,0.3333,0.4,0.3,0.6111,0.4967,0.3986,0.6667,0.4,0.2,0.7222,0.6133,0.4358,0.3333,0.2,0.2,0.6111,0.4567,0.314,0.3333,0.2,0.2,0.6111,0.4567,0.314
0,55,0.6667,0.6,0.3,0.8889,0.8033,0.5954,0.6667,0.6,0.6,0.8889,0.7533,0.666,0.6667,0.6,0.5,0.8889,0.7533,0.6685,0.6667,0.6,0.5,0.8889,0.7533,0.656
0,56,0.6667,0.6,0.5,0.7222,0.6533,0.5515,0.6667,0.4,0.3,0.3889,0.4133,0.3458,0.3333,0.4,0.3,0.1111,0.2467,0.2861,0.0,0.0,0.2,0.0,0.0,0.0547
0,57,0.0,0.0,0.1,0.0,0.0,0.0336,0.0,0.0,0.1,0.0,0.0,0.0336,0.0,0.0,0.1,0.0,0.0,0.0479,0.0,0.0,0.1,0.0,0.0,0.0336
0,58,0.0,0.2,0.2,0.0,0.04,0.0946,0.0,0.0,0.1,0.0,0.0,0.01,0.0,0.0,0.2,0.0,0.0,0.0746,0.0,0.0,0.0,0.0,0.0,0.0
0,59,0.0,0.2,0.1,0.0,0.09,0.1096,0.3333,0.2,0.3,0.6111,0.4567,0.324,0.0,0.2,0.1,0.0,0.04,0.0846,0.3333,0.2,0.2,0.2778,0.2567,0.2029
0,60,0.6667,0.6,0.3,0.8889,0.7533,0.5704,0.6667,0.4,0.2,0.8889,0.7133,0.4858,0.6667,0.4,0.2,0.8889,0.7133,0.4858,0.6667,0.4,0.2,0.8889,0.7133,0.4858
0,61,0.6667,0.4,0.4,0.8889,0.7133,0.5673,0.3333,0.4,0.3,0.1111,0.1967,0.2374,0.3333,0.2,0.2,0.1111,0.1567,0.2074,0.3333,0.4,0.3,0.1111,0.1967,0.2374
0,62,0.0,0.2,0.1,0.0,0.04,0.0846,0.0,0.0,0.0,0.0,0.0,0.0,0.0,0.0,0.0,0.0,0.0,0.0,0.0,0.0,0.0,0.0,0.0,0.0
0,63,0.0,0.0,0.0,0.0,0.0,0.0,0.3333,0.2,0.1,0.2778,0.2567,0.1929,0.3333,0.2,0.1,0.2778,0.2567,0.1929,0.0,0.2,0.1,0.0,0.09,0.1096
0,64,0.3333,0.4,0.2,0.6111,0.4967,0.3774,0.0,0.4,0.2,0.0,0.13,0.1941,0.0,0.0,0.2,0.0,0.0,0.0436,0.3333,0.2,0.2,0.1111,0.1567,0.164
0,65,0.6667,0.8,0.5,0.8889,0.8433,0.7278,0.6667,0.8,0.6,0.7222,0.7433,0.6878,1.0,0.6,0.5,1.0,0.87,0.7412,0.6667,0.6,0.6,0.7222,0.6533,0.6428
0,66,0.3333,0.2,0.2,0.6111,0.4567,0.314,0.0,0.0,0.2,0.0,0.0,0.0547,0.3333,0.2,0.3,0.1111,0.1567,0.1865,0.0,0.0,0.1,0.0,0.0,0.0336
0,67,1.0,0.8,0.5,1.0,0.91,0.7778,0.3333,0.2,0.2,0.6111,0.4567,0.3408,0.3333,0.2,0.2,0.6111,0.4567,0.3029,0.6667,0.4,0.2,0.7222,0.6133,0.4358
0,68,0.0,0.0,0.0,0.0,0.0,0.0,0.0,0.0,0.0,0.0,0.0,0.0,0.0,0.0,0.0,0.0,0.0,0.0,0.0,0.2,0.1,0.0,0.04,0.0846
0,69,0.0,0.0,0.2,0.0,0.0,0.1125,0.0,0.2,0.1,0.0,0.04,0.0846,0.0,0.0,0.0,0.0,0.0,0.0,0.0,0.0,0.0,0.0,0.0,0.0
0,70,0.3333,0.2,0.1,0.1111,0.1567,0.1429,0.3333,0.2,0.1,0.2778,0.2567,0.1929,0.3333,0.2,0.2,0.6111,0.4567,0.3265,0.0,0.2,0.2,0.0,0.09,0.1196
0,71,0.3333,0.4,0.3,0.2778,0.2967,0.3253,0.0,0.0,0.1,0.0,0.0,0.0336,0.0,0.0,0.2,0.0,0.0,0.0311,0.0,0.2,0.1,0.0,0.04,0.0846
0,72,1.0,0.6,0.3,1.0,0.87,0.6287,0.0,0.0,0.1,0.0,0.0,0.0336,0.0,0.0,0.1,0.0,0.0,0.0336,0.0,0.0,0.1,0.0,0.0,0.0211
0,73,0.3333,0.2,0.2,0.6111,0.4567,0.3408,0.3333,0.2,0.1,0.6111,0.4567,0.2929,0.3333,0.2,0.1,0.2778,0.2567,0.1929,0.3333,0.2,0.1,0.6111,0.4567,0.2929
0,74,0.0,0.2,0.2,0.0,0.04,0.1491,0.3333,0.2,0.2,0.6111,0.4567,0.3029,0.3333,0.2,0.1,0.6111,0.4567,0.2929,0.3333,0.2,0.2,0.6111,0.4567,0.3029
0,75,0.6667,0.6,0.5,0.3889,0.5033,0.5144,0.0,0.2,0.2,0.0,0.04,0.1491,0.0,0.2,0.2,0.0,0.09,0.1432,0.0,0.2,0.2,0.0,0.04,0.0946
0,76,0.6667,0.6,0.6,0.8889,0.8033,0.6869,0.0,0.0,0.1,0.0,0.0,0.0336,0.0,0.2,0.2,0.0,0.04,0.1491,0.0,0.0,0.0,0.0,0.0,0.0
0,77,1.0,0.6,0.4,1.0,0.87,0.6623,0.6667,0.4,0.4,0.7222,0.6133,0.5048,0.3333,0.4,0.2,0.1111,0.2467,0.2524,0.3333,0.2,0.4,0.6111,0.4567,0.4153
0,78,1.0,0.8,0.6,1.0,0.96,0.8128,1.0,0.6,0.3,1.0,0.87,0.6287,1.0,0.6,0.3,1.0,0.87,0.6287,1.0,0.6,0.4,1.0,0.87,0.6498
0,79,0.3333,0.4,0.3,0.1111,0.2467,0.317,0.3333,0.2,0.1,0.1111,0.1567,0.1429,0.3333,0.2,0.3,0.6111,0.4567,0.4053,0.0,0.2,0.1,0.0,0.09,0.1096
0,80,1.0,0.8,0.5,1.0,0.96,0.8028,0.6667,0.4,0.4,0.8889,0.7133,0.5673,0.6667,0.4,0.3,0.3889,0.4133,0.3458,0.6667,0.4,0.3,0.8889,0.7133,0.5337
0,82,0.6667,0.4,0.4,0.8889,0.7133,0.5673,0.3333,0.4,0.2,0.2778,0.2967,0.2774,0.0,0.2,0.2,0.0,0.09,0.1575,0.3333,0.4,0.2,0.2778,0.2967,0.2774
0,83,0.3333,0.4,0.3,0.2778,0.3467,0.3361,0.0,0.2,0.2,0.0,0.04,0.1491,0.0,0.0,0.2,0.0,0.0,0.0815,0.0,0.2,0.2,0.0,0.04,0.1491
0,84,0.0,0.0,0.1,0.0,0.0,0.0646,0.0,0.0,0.0,0.0,0.0,0.0,0.0,0.0,0.0,0.0,0.0,0.0,0.0,0.0,0.0,0.0,0.0,0.0
0,85,0.3333,0.2,0.2,0.2778,0.2567,0.2575,0.3333,0.6,0.5,0.2778,0.3867,0.4685,0.6667,0.4,0.4,0.3889,0.4133,0.434,0.6667,0.6,0.6,0.3889,0.4533,0.4851
0,86,0.3333,0.4,0.3,0.6111,0.5467,0.4236,0.0,0.0,0.3,0.0,0.0,0.0915,0.0,0.0,0.0,0.0,0.0,0.0,0.0,0.0,0.1,0.0,0.0,0.01
0,87,0.3333,0.2,0.2,0.6111,0.4567,0.3574,0.6667,0.4,0.3,0.7222,0.6133,0.4837,0.6667,0.4,0.2,0.7222,0.6133,0.4358,0.6667,0.8,0.4,0.7222,0.7433,0.6299
0,88,1.0,1.0,0.6,1.0,1.0,0.8707,0.6667,0.6,0.5,0.8889,0.7533,0.6449,0.3333,0.6,0.4,0.1111,0.2867,0.3849,0.3333,0.6,0.5,0.1111,0.2867,0.4227
0,89,0.0,0.0,0.0,0.0,0.0,0.0,0.0,0.0,0.0,0.0,0.0,0.0,0.0,0.0,0.0,0.0,0.0,0.0,0.0,0.0,0.0,0.0,0.0,0.0
0,90,0.3333,0.4,0.3,0.6111,0.4967,0.3874,0.3333,0.4,0.3,0.1111,0.2467,0.2624,0.3333,0.4,0.3,0.2778,0.2967,0.342,0.3333,0.4,0.2,0.2778,0.3467,0.3024
0,91,0.0,0.0,0.0,0.0,0.0,0.0,0.0,0.2,0.1,0.0,0.04,0.0846,0.0,0.0,0.1,0.0,0.0,0.0646,0.0,0.0,0.2,0.0,0.0,0.0579
0,92,0.6667,0.4,0.2,0.7222,0.6133,0.4358,0.3333,0.4,0.3,0.6111,0.5467,0.4361,0.3333,0.4,0.2,0.6111,0.5467,0.4024,0.3333,0.2,0.3,0.6111,0.4567,0.3476
0,93,0.0,0.0,0.1,0.0,0.0,0.0336,0.0,0.0,0.2,0.0,0.0,0.0857,0.0,0.0,0.3,0.0,0.0,0.1193,0.0,0.0,0.2,0.0,0.0,0.0547
0,94,1.0,0.8,0.5,1.0,0.96,0.7719,0.0,0.0,0.2,0.0,0.0,0.0547,0.0,0.2,0.1,0.0,0.09,0.1096,0.0,0.0,0.2,0.0,0.0,0.0547
0,95,0.3333,0.2,0.3,0.6111,0.4567,0.3786,0.0,0.0,0.3,0.0,0.0,0.1193,0.3333,0.2,0.2,0.6111,0.4567,0.314,0.3333,0.2,0.2,0.6111,0.4567,0.3029
0,96,0.0,0.2,0.4,0.0,0.04,0.1761,0.0,0.0,0.2,0.0,0.0,0.0311,0.0,0.0,0.1,0.0,0.0,0.01,0.0,0.0,0.1,0.0,0.0,0.0336
0,97,0.3333,0.2,0.2,0.6111,0.4567,0.3408,0.0,0.0,0.0,0.0,0.0,0.0,0.0,0.0,0.1,0.0,0.0,0.0646,0.0,0.0,0.1,0.0,0.0,0.0479
0,98,0.3333,0.2,0.4,0.1111,0.1567,0.2455,0.3333,0.6,0.4,0.2778,0.3867,0.4206,0.3333,0.4,0.4,0.2778,0.2967,0.352,0.6667,0.6,0.3,0.3889,0.4533,0.4204
0,99,0.3333,0.2,0.1,0.2778,0.2567,0.1929,0.3333,0.2,0.2,0.2778,0.2567,0.2575,0.3333,0.2,0.2,0.1111,0.1567,0.1908,0.3333,0.4,0.2,0.2778,0.2967,0.2774
0,100,0.0,0.0,0.1,0.0,0.0,0.0211,0.3333,0.4,0.2,0.2778,0.2967,0.2774,0.3333,0.2,0.2,0.2778,0.2567,0.2029,0.3333,0.2,0.2,0.2778,0.2567,0.2265
0,101,0.0,0.2,0.1,0.0,0.04,0.0846,0.0,0.0,0.0,0.0,0.0,0.0,0.0,0.0,0.0,0.0,0.0,0.0,0.0,0.0,0.0,0.0,0.0,0.0
0,102,0.6667,0.4,0.4,0.8889,0.7133,0.5604,0.0,0.2,0.2,0.0,0.04,0.0946,0.0,0.2,0.1,0.0,0.04,0.0846,0.0,0.2,0.1,0.0,0.04,0.0846
0,103,0.0,0.4,0.4,0.0,0.13,0.3066,0.6667,0.4,0.3,0.8889,0.7133,0.5504,0.6667,0.6,0.3,0.7222,0.6533,0.5204,0.6667,0.6,0.3,0.8889,0.7533,0.5704
0,104,0.3333,0.4,0.3,0.6111,0.4967,0.442,0.0,0.0,0.1,0.0,0.0,0.0479,0.0,0.0,0.2,0.0,0.0,0.069,0.0,0.0,0.1,0.0,0.0,0.0336
0,105,0.0,0.0,0.1,0.0,0.0,0.0646,0.0,0.0,0.0,0.0,0.0,0.0,0.0,0.0,0.0,0.0,0.0,0.0,0.0,0.0,0.1,0.0,0.0,0.0479
0,106,1.0,1.0,0.6,1.0,1.0,0.8564,1.0,0.8,0.5,1.0,0.96,0.7862,0.6667,0.8,0.6,0.8889,0.8433,0.7545,1.0,0.8,0.5,1.0,0.96,0.7862
0,107,0.6667,0.4,0.3,0.8889,0.7133,0.4958,0.3333,0.4,0.2,0.6111,0.5467,0.4024,0.3333,0.2,0.2,0.6111,0.4567,0.3574,0.3333,0.2,0.2,0.6111,0.4567,0.3029
0,108,0.0,0.0,0.3,0.0,0.0,0.1336,0.0,0.0,0.1,0.0,0.0,0.0646,0.0,0.0,0.1,0.0,0.0,0.0336,0.0,0.0,0.0,0.0,0.0,0.0
0,109,0.3333,0.2,0.3,0.6111,0.4567,0.3786,0.6667,0.4,0.3,0.7222,0.6133,0.5004,0.6667,0.4,0.2,0.7222,0.6133,0.4358,0.6667,0.4,0.2,0.7222,0.6133,0.4358
0,110,0.0,0.0,0.2,0.0,0.0,0.0311,0.0,0.0,0.0,0.0,0.0,0.0,0.0,0.0,0.0,0.0,0.0,0.0,0.0,0.0,0.0,0.0,0.0,0.0
0,111,0.0,0.0,0.0,0.0,0.0,0.0,0.0,0.0,0.1,0.0,0.0,0.0336,0.3333,0.2,0.1,0.1111,0.1567,0.1429,0.0,0.0,0.1,0.0,0.0,0.0479
0,112,1.0,1.0,0.7,1.0,1.0,0.921,0.6667,0.4,0.3,0.7222,0.6133,0.5004,0.3333,0.2,0.2,0.2778,0.2567,0.2408,0.3333,0.4,0.2,0.6111,0.5467,0.4024
0,113,0.0,0.0,0.1,0.0,0.0,0.0479,0.0,0.0,0.1,0.0,0.0,0.0211,0.0,0.0,0.1,0.0,0.0,0.0479,0.0,0.0,0.1,0.0,0.0,0.0211
0,114,1.0,1.0,0.5,1.0,1.0,0.8228,0.6667,0.6,0.6,0.8889,0.8033,0.7035,0.6667,0.6,0.6,0.8889,0.8033,0.6869,0.6667,0.8,0.5,0.7222,0.7433,0.6635
0,115,0.3333,0.4,0.3,0.6111,0.5467,0.4361,0.0,0.2,0.1,0.0,0.04,0.0846,0.0,0.0,0.1,0.0,0.0,0.0211,0.0,0.0,0.0,0.0,0.0,0.0
0,116,0.6667,0.6,0.5,0.8889,0.7533,0.6685,0.3333,0.4,0.3,0.6111,0.4967,0.442,0.6667,0.4,0.3,0.8889,0.7133,0.5337,0.3333,0.2,0.3,0.6111,0.4567,0.3911
0,117,0.3333,0.2,0.2,0.6111,0.4567,0.314,0.0,0.0,0.0,0.0,0.0,0.0,0.0,0.0,0.0,0.0,0.0,0.0,0.0,0.0,0.0,0.0,0.0,0.0
0,118,1.0,1.0,0.6,1.0,1.0,0.8439,1.0,0.8,0.5,1.0,0.91,0.7232,1.0,1.0,0.5,1.0,1.0,0.8228,1.0,0.8,0.5,1.0,0.96,0.7594
0,119,0.3333,0.4,0.5,0.6111,0.5467,0.4981,0.6667,0.8,0.5,0.7222,0.7433,0.6945,0.6667,0.6,0.3,0.7222,0.7033,0.5454,0.3333,0.6,0.6,0.6111,0.5867,0.5896
0,121,0.6667,0.4,0.3,0.7222,0.6133,0.4569,0.6667,0.4,0.2,0.7222,0.6133,0.4358,0.3333,0.2,0.3,0.6111,0.4567,0.3365,0.6667,0.4,0.2,0.7222,0.6133,0.4358
0,123,0.6667,0.6,0.4,0.3889,0.5033,0.479,0.3333,0.4,0.4,0.6111,0.5467,0.484,0.3333,0.4,0.4,0.2778,0.2967,0.3631,0.6667,0.4,0.3,0.8889,0.7133,0.5337
0,124,0.6667,0.6,0.6,0.8889,0.7533,0.666,0.0,0.0,0.1,0.0,0.0,0.0646,0.0,0.2,0.1,0.0,0.04,0.0846,0.0,0.2,0.1,0.0,0.04,0.0846
0,125,0.3333,0.4,0.3,0.6111,0.5467,0.467,0.3333,0.2,0.3,0.1111,0.1567,0.174,0.0,0.0,0.1,0.0,0.0,0.0211,0.3333,0.2,0.2,0.6111,0.4567,0.3408
0,126,0.3333,0.6,0.4,0.6111,0.5867,0.5349,0.3333,0.4,0.4,0.1111,0.2467,0.3506,0.0,0.4,0.3,0.0,0.13,0.2041,0.0,0.4,0.3,0.0,0.13,0.2587
0,127,0.3333,0.2,0.2,0.6111,0.4567,0.3408,1.0,0.6,0.4,1.0,0.87,0.6623,1.0,0.6,0.3,1.0,0.87,0.6287,1.0,0.6,0.4,1.0,0.87,0.6498
0,128,0.6667,0.8,0.6,0.3889,0.5433,0.6114,0.0,0.4,0.3,0.0,0.13,0.2277,0.0,0.4,0.3,0.0,0.13,0.2587,0.0,0.2,0.3,0.0,0.09,0.2077
0,129,0.3333,0.2,0.2,0.6111,0.4567,0.3408,0.0,0.0,0.1,0.0,0.0,0.01,0.0,0.0,0.0,0.0,0.0,0.0,0.0,0.0,0.0,0.0,0.0,0.0
0,130,0.0,0.2,0.2,0.0,0.04,0.1057,0.6667,0.6,0.3,0.3889,0.4533,0.4204,0.0,0.4,0.3,0.0,0.13,0.2587,0.3333,0.4,0.3,0.1111,0.2467,0.317
0,131,0.6667,0.8,0.6,0.8889,0.8433,0.7924,0.6667,0.4,0.2,0.8889,0.7133,0.4858,0.3333,0.6,0.3,0.1111,0.2867,0.337,0.6667,0.4,0.2,0.7222,0.6133,0.4358
0,132,0.6667,0.6,0.4,0.8889,0.7533,0.604,0.3333,0.2,0.1,0.1111,0.1567,0.1429,0.3333,0.2,0.1,0.6111,0.4567,0.2929,0.3333,0.2,0.1,0.1111,0.1567,0.1429
0,134,0.6667,0.4,0.2,0.8889,0.7133,0.4858,0.3333,0.4,0.2,0.2778,0.2967,0.2774,0.3333,0.4,0.3,0.1111,0.1967,0.2486,0.0,0.2,0.2,0.0,0.09,0.1741
0,135,0.3333,0.4,0.3,0.6111,0.4967,0.442,0.3333,0.2,0.2,0.6111,0.4567,0.314,0.3333,0.4,0.3,0.6111,0.4967,0.4111,0.3333,0.2,0.3,0.6111,0.4567,0.3365
0,136,0.0,0.0,0.1,0.0,0.0,0.01,0.0,0.2,0.1,0.0,0.04,0.0846,0.0,0.0,0.1,0.0,0.0,0.0336,0.0,0.0,0.1,0.0,0.0,0.0479
0,137,0.6667,0.4,0.3,0.3889,0.4133,0.4004,0.3333,0.2,0.1,0.2778,0.2567,0.1929,0.3333,0.2,0.1,0.1111,0.1567,0.1429,0.0,0.2,0.1,0.0,0.09,0.1096
0,138,0.3333,0.2,0.2,0.6111,0.4567,0.3029,0.6667,0.6,0.4,0.3889,0.5033,0.4554,0.3333,0.4,0.3,0.2778,0.3467,0.367,0.6667,0.6,0.4,0.7222,0.7033,0.5665
0,139,1.0,0.8,0.7,1.0,0.96,0.8575,0.6667,0.8,0.6,0.8889,0.8433,0.7781,0.6667,0.8,0.6,0.3889,0.5433,0.6114,0.6667,0.8,0.6,0.7222,0.7433,0.7114
0,140,0.3333,0.4,0.2,0.1111,0.2467,0.2524,0.0,0.2,0.2,0.0,0.09,0.1575,0.0,0.2,0.2,0.0,0.09,0.1432,0.0,0.2,0.1,0.0,0.09,0.1096
0,141,0.6667,0.4,0.3,0.8889,0.7133,0.5069,0.0,0.2,0.2,0.0,0.09,0.1307,0.3333,0.4,0.3,0.1111,0.1967,0.2374,0.0,0.2,0.1,0.0,0.09,0.1096
0,142,0.6667,0.6,0.3,0.8889,0.8033,0.5954,0.0,0.0,0.1,0.0,0.0,0.0646,0.0,0.0,0.1,0.0,0.0,0.0336,0.0,0.0,0.1,0.0,0.0,0.01
0,143,0.6667,0.4,0.3,0.7222,0.6133,0.4569,0.6667,0.6,0.4,0.7222,0.7033,0.5554,0.6667,0.6,0.4,0.3889,0.4533,0.4683,0.3333,0.2,0.3,0.6111,0.4567,0.3365
0,144,1.0,0.6,0.3,1.0,0.87,0.6287,0.0,0.0,0.1,0.0,0.0,0.0479,0.0,0.0,0.0,0.0,0.0,0.0,0.0,0.0,0.1,0.0,0.0,0.0479
0,147,0.6667,0.6,0.3,0.8889,0.8033,0.5954,0.6667,0.6,0.6,0.8889,0.7533,0.6896,0.6667,0.4,0.6,0.8889,0.7133,0.653,0.6667,0.6,0.5,0.8889,0.8033,0.681
0,148,1.0,0.8,0.6,1.0,0.91,0.7823,1.0,0.6,0.4,1.0,0.87,0.6766,0.6667,0.6,0.4,0.7222,0.7033,0.6099,1.0,0.8,0.4,1.0,0.91,0.7132
0,149,1.0,1.0,0.5,1.0,1.0,0.8228,1.0,0.6,0.3,1.0,0.87,0.6287,1.0,0.8,0.5,1.0,0.96,0.7594,0.3333,0.4,0.4,0.6111,0.4967,0.4465
0,150,0.6667,0.6,0.5,0.8889,0.7533,0.6015,1.0,0.6,0.3,1.0,0.87,0.6287,1.0,0.6,0.3,1.0,0.87,0.6287,1.0,0.6,0.3,1.0,0.87,0.6287
0,151,0.0,0.2,0.2,0.0,0.09,0.1432,0.3333,0.2,0.2,0.6111,0.4567,0.3574,0.3333,0.2,0.2,0.6111,0.4567,0.3408,0.3333,0.2,0.1,0.6111,0.4567,0.2929
0,152,0.6667,0.4,0.2,0.8889,0.7133,0.4858,0.0,0.2,0.3,0.0,0.09,0.1786,0.0,0.2,0.3,0.0,0.04,0.197,0.0,0.0,0.2,0.0,0.0,0.0746
0,153,0.0,0.0,0.2,0.0,0.0,0.0982,0.0,0.0,0.0,0.0,0.0,0.0,0.0,0.0,0.1,0.0,0.0,0.0479,0.0,0.0,0.0,0.0,0.0,0.0
0,154,0.3333,0.4,0.4,0.1111,0.2467,0.3381,0.3333,0.6,0.5,0.2778,0.3867,0.4616,0.3333,0.4,0.3,0.2778,0.2967,0.3111,0.3333,0.4,0.4,0.6111,0.4967,0.4322
0,155,0.6667,0.8,0.5,0.7222,0.7433,0.6778,0.6667,0.6,0.4,0.3889,0.5033,0.4665,0.6667,0.4,0.3,0.7222,0.6133,0.5004,0.6667,0.6,0.4,0.8889,0.7533,0.6182
0,156,0.3333,0.4,0.2,0.1111,0.2467,0.2524,0.3333,0.2,0.1,0.2778,0.2567,0.1929,0.0,0.2,0.1,0.0,0.04,0.0846,0.3333,0.2,0.1,0.2778,0.2567,0.1929
0,159,0.6667,0.4,0.4,0.7222,0.6133,0.4669,0.6667,0.6,0.4,0.8889,0.8033,0.629,0.6667,0.6,0.4,0.7222,0.7033,0.5554,1.0,0.6,0.4,1.0,0.87,0.6498
0,160,0.0,0.0,0.0,0.0,0.0,0.0,0.0,0.0,0.0,0.0,0.0,0.0,0.0,0.0,0.0,0.0,0.0,0.0,0.0,0.0,0.0,0.0,0.0,0.0
0,161,0.6667,0.6,0.6,0.8889,0.7533,0.673,0.3333,0.2,0.3,0.6111,0.4567,0.3365,0.3333,0.4,0.2,0.6111,0.5467,0.4024,0.3333,0.2,0.2,0.6111,0.4567,0.314
0,162,0.3333,0.4,0.4,0.1111,0.1967,0.309,0.3333,0.2,0.4,0.6111,0.4567,0.3576,0.3333,0.2,0.3,0.6111,0.4567,0.3786,0.3333,0.2,0.3,0.6111,0.4567,0.3786
0,164,1.0,0.8,0.6,1.0,0.91,0.7712,0.3333,0.2,0.4,0.2778,0.2567,0.3265,0.6667,0.6,0.4,0.7222,0.7033,0.5554,0.0,0.2,0.4,0.0,0.04,0.2306
0,165,0.3333,0.2,0.2,0.6111,0.4567,0.3408,0.3333,0.4,0.4,0.1111,0.1967,0.302,0.0,0.0,0.3,0.0,0.0,0.1026,0.0,0.2,0.3,0.0,0.09,0.1786
0,166,0.6667,0.8,0.5,0.7222,0.7433,0.6635,0.0,0.0,0.1,0.0,0.0,0.0646,0.0,0.0,0.0,0.0,0.0,0.0,0.0,0.0,0.1,0.0,0.0,0.0646
0,167,0.3333,0.2,0.4,0.2778,0.2567,0.3153,0.3333,0.2,0.3,0.1111,0.1567,0.2174,0.0,0.0,0.3,0.0,0.0,0.1026,0.3333,0.2,0.2,0.1111,0.1567,0.1908
0,168,0.0,0.2,0.1,0.0,0.09,0.1096,0.3333,0.2,0.1,0.6111,0.4567,0.2929,0.3333,0.2,0.2,0.6111,0.4567,0.314,0.3333,0.2,0.1,0.6111,0.4567,0.2929
0,169,0.0,0.0,0.0,0.0,0.0,0.0,0.0,0.0,0.0,0.0,0.0,0.0,0.0,0.0,0.0,0.0,0.0,0.0,0.0,0.0,0.0,0.0,0.0,0.0
0,170,0.0,0.0,0.2,0.0,0.0,0.1125,0.0,0.0,0.2,0.0,0.0,0.0311,0.0,0.0,0.0,0.0,0.0,0.0,0.0,0.0,0.1,0.0,0.0,0.0336
0,171,0.6667,0.6,0.4,0.3889,0.4533,0.4683,0.0,0.2,0.1,0.0,0.09,0.1096,0.0,0.0,0.3,0.0,0.0,0.0957,0.0,0.2,0.1,0.0,0.09,0.1096
0,172,0.6667,0.4,0.4,0.8889,0.7133,0.5982,0.0,0.2,0.1,0.0,0.04,0.0846,0.0,0.2,0.1,0.0,0.04,0.0846,0.0,0.0,0.1,0.0,0.0,0.0336
0,174,0.0,0.0,0.3,0.0,0.0,0.0957,0.3333,0.2,0.1,0.1111,0.1567,0.1429,0.3333,0.2,0.1,0.1111,0.1567,0.1429,0.3333,0.2,0.1,0.1111,0.1567,0.1429
0,175,0.0,0.2,0.1,0.0,0.09,0.1096,1.0,1.0,0.7,1.0,1.0,0.8664,1.0,1.0,0.7,1.0,1.0,0.8775,1.0,1.0,0.7,1.0,1.0,0.9085
0,176,0.3333,0.4,0.3,0.6111,0.4967,0.3986,0.3333,0.2,0.2,0.1111,0.1567,0.2074,0.3333,0.2,0.2,0.1111,0.1567,0.1908,0.3333,0.2,0.2,0.1111,0.1567,0.1529
0,177,0.0,0.0,0.2,0.0,0.0,0.0746,0.0,0.2,0.2,0.0,0.04,0.1182,0.0,0.2,0.2,0.0,0.04,0.1325,0.0,0.2,0.2,0.0,0.04,0.1325
0,178,0.3333,0.2,0.2,0.6111,0.4567,0.3408,0.3333,0.2,0.1,0.2778,0.2567,0.1929,0.3333,0.2,0.1,0.2778,0.2567,0.1929,0.3333,0.2,0.1,0.2778,0.2567,0.1929
0,179,0.3333,0.2,0.1,0.6111,0.4567,0.2929,0.6667,0.4,0.2,0.7222,0.6133,0.4358,0.3333,0.2,0.1,0.6111,0.4567,0.2929,0.3333,0.2,0.1,0.6111,0.4567,0.2929
0,180,1.0,0.8,0.4,1.0,0.91,0.7132,0.6667,0.4,0.3,0.7222,0.6133,0.4694,0.3333,0.2,0.2,0.6111,0.4567,0.3574,0.3333,0.4,0.3,0.6111,0.5467,0.4361
0,181,0.0,0.2,0.1,0.0,0.04,0.0846,0.3333,0.4,0.2,0.1111,0.2467,0.2524,0.0,0.2,0.2,0.0,0.04,0.1325,0.3333,0.4,0.2,0.1111,0.1967,0.2275
0,182,0.0,0.0,0.0,0.0,0.0,0.0,0.3333,0.2,0.1,0.1111,0.1567,0.1429,0.0,0.2,0.1,0.0,0.09,0.1096,0.3333,0.2,0.2,0.6111,0.4567,0.314
0,183,0.3333,0.4,0.3,0.2778,0.3467,0.367,0.6667,0.6,0.4,0.7222,0.6533,0.5683,0.3333,0.6,0.4,0.6111,0.5867,0.5081,0.6667,0.6,0.4,0.7222,0.7033,0.6099
0,184,0.6667,0.6,0.3,0.7222,0.7033,0.5454,0.0,0.0,0.2,0.0,0.0,0.1125,0.0,0.0,0.1,0.0,0.0,0.0211,0.3333,0.2,0.1,0.1111,0.1567,0.1429
0,185,0.3333,0.4,0.3,0.6111,0.4967,0.4254,0.3333,0.4,0.4,0.2778,0.2967,0.359,0.0,0.2,0.3,0.0,0.09,0.1407,0.3333,0.4,0.2,0.1111,0.1967,0.2275
0,187,0.0,0.0,0.0,0.0,0.0,0.0,0.3333,0.2,0.1,0.2778,0.2567,0.1929,0.0,0.0,0.1,0.0,0.0,0.0479,0.3333,0.2,0.1,0.1111,0.1567,0.1429
0,188,0.0,0.0,0.1,0.0,0.0,0.0336,0.6667,0.4,0.3,0.8889,0.7133,0.5194,0.6667,0.4,0.2,0.3889,0.4133,0.3358,0.6667,0.4,0.2,0.3889,0.4133,0.3358
0,189,1.0,0.8,0.6,1.0,0.96,0.7819,0.6667,0.4,0.2,0.3889,0.4133,0.3358,0.0,0.0,0.2,0.0,0.0,0.0547,0.0,0.4,0.2,0.0,0.13,0.1941
0,190,0.6667,0.4,0.3,0.3889,0.4133,0.3458,0.0,0.0,0.0,0.0,0.0,0.0,0.0,0.0,0.1,0.0,0.0,0.01,0.0,0.0,0.0,0.0,0.0,0.0
0,191,0.0,0.2,0.1,0.0,0.09,0.1096,0.3333,0.2,0.1,0.1111,0.1567,0.1429,0.0,0.2,0.1,0.0,0.09,0.1096,0.3333,0.2,0.1,0.2778,0.2567,0.1929
0,192,0.6667,0.4,0.3,0.8889,0.7133,0.4958,0.6667,0.4,0.3,0.8889,0.7133,0.5337,0.6667,0.4,0.3,0.7222,0.6133,0.4694,0.6667,0.4,0.2,0.8889,0.7133,0.4858
0,193,0.6667,0.6,0.5,0.8889,0.7533,0.6449,0.3333,0.2,0.2,0.1111,0.1567,0.1908,0.3333,0.2,0.2,0.1111,0.1567,0.1765,0.0,0.2,0.2,0.0,0.09,0.1432
0,195,0.0,0.2,0.1,0.0,0.04,0.0846,0.0,0.2,0.1,0.0,0.09,0.1096,0.0,0.2,0.1,0.0,0.04,0.0846,0.0,0.2,0.1,0.0,0.04,0.0846
0,196,0.0,0.2,0.2,0.0,0.04,0.1182,0.0,0.2,0.3,0.0,0.04,0.1282,0.0,0.2,0.3,0.0,0.04,0.1661,0.3333,0.2,0.3,0.6111,0.4567,0.3365
0,197,0.3333,0.4,0.2,0.6111,0.5467,0.4024,0.3333,0.4,0.2,0.1111,0.2467,0.2524,0.3333,0.4,0.2,0.1111,0.2467,0.2524,0.3333,0.4,0.2,0.2778,0.3467,0.3024
0,198,0.3333,0.2,0.2,0.6111,0.4567,0.314,0.6667,0.4,0.2,0.3889,0.4133,0.3358,0.3333,0.2,0.1,0.1111,0.1567,0.1429,0.6667,0.4,0.2,0.3889,0.4133,0.3358
0,199,0.3333,0.2,0.1,0.1111,0.1567,0.1429,0.0,0.0,0.0,0.0,0.0,0.0,0.0,0.0,0.2,0.0,0.0,0.0436,0.0,0.0,0.0,0.0,0.0,0.0
0,200,0.0,0.0,0.0,0.0,0.0,0.0,0.0,0.0,0.0,0.0,0.0,0.0,0.0,0.0,0.1,0.0,0.0,0.01,0.0,0.0,0.0,0.0,0.0,0.0
0,201,0.3333,0.2,0.2,0.1111,0.1567,0.2074,0.3333,0.4,0.2,0.2778,0.3467,0.3024,0.0,0.4,0.2,0.0,0.13,0.1941,0.0,0.2,0.3,0.0,0.04,0.1661
0,202,0.0,0.0,0.0,0.0,0.0,0.0,0.0,0.0,0.0,0.0,0.0,0.0,0.0,0.0,0.0,0.0,0.0,0.0,0.0,0.0,0.0,0.0,0.0,0.0
0,203,0.6667,0.8,0.6,0.8889,0.8433,0.7614,0.6667,0.4,0.3,0.8889,0.7133,0.5504,0.3333,0.6,0.3,0.6111,0.5867,0.487,0.6667,0.4,0.2,0.8889,0.7133,0.4858
0,204,0.0,0.2,0.3,0.0,0.04,0.1393,0.3333,0.4,0.3,0.6111,0.4967,0.3874,0.3333,0.4,0.2,0.6111,0.4967,0.3774,0.3333,0.2,0.2,0.6111,0.4567,0.3408
0,205,0.6667,0.6,0.5,0.8889,0.8033,0.6501,0.3333,0.4,0.4,0.1111,0.2467,0.3649,0.3333,0.4,0.3,0.1111,0.1967,0.2374,0.3333,0.4,0.4,0.1111,0.2467,0.3649
0,206,0.3333,0.2,0.3,0.6111,0.4567,0.3744,0.6667,0.4,0.4,0.8889,0.7133,0.5548,0.6667,0.4,0.2,0.8889,0.7133,0.4858,0.6667,0.4,0.3,0.8889,0.7133,0.5337
0,208,0.6667,0.6,0.3,0.7222,0.7033,0.5454,0.3333,0.4,0.2,0.6111,0.5467,0.4024,0.6667,0.6,0.3,0.7222,0.6533,0.5204,0.3333,0.2,0.2,0.6111,0.4567,0.3574
0,209,1.0,0.8,0.6,1.0,0.96,0.8128,0.6667,0.8,0.7,0.7222,0.7433,0.7492,0.3333,0.2,0.3,0.2778,0.2567,0.2911,0.6667,0.8,0.7,0.3889,0.5433,0.6492
0,210,0.3333,0.4,0.2,0.6111,0.4967,0.3774,0.0,0.0,0.1,0.0,0.0,0.0479,0.0,0.0,0.0,0.0,0.0,0.0,0.3333,0.2,0.2,0.1111,0.1567,0.1908
0,211,0.6667,0.6,0.4,0.8889,0.8033,0.6165,0.0,0.2,0.1,0.0,0.04,0.0846,0.0,0.0,0.0,0.0,0.0,0.0,0.0,0.2,0.1,0.0,0.04,0.0846
0,212,0.3333,0.4,0.2,0.6111,0.4967,0.3774,0.0,0.2,0.1,0.0,0.09,0.1096,0.0,0.2,0.1,0.0,0.09,0.1096,0.0,0.2,0.1,0.0,0.04,0.0846
0,213,0.3333,0.4,0.3,0.1111,0.1967,0.2611,0.0,0.0,0.2,0.0,0.0,0.069,0.0,0.2,0.1,0.0,0.04,0.0846,0.0,0.0,0.1,0.0,0.0,0.0211
0,215,0.3333,0.4,0.4,0.2778,0.3467,0.3572,0.0,0.0,0.0,0.0,0.0,0.0,0.0,0.0,0.0,0.0,0.0,0.0,0.0,0.0,0.0,0.0,0.0,0.0
0,216,0.0,0.0,0.1,0.0,0.0,0.01,0.3333,0.2,0.3,0.2778,0.2567,0.2744,0.3333,0.4,0.3,0.1111,0.2467,0.2861,0.3333,0.2,0.3,0.6111,0.4567,0.3619
0,217,0.3333,0.4,0.4,0.6111,0.4967,0.4322,0.3333,0.2,0.2,0.2778,0.2567,0.2408,0.3333,0.2,0.2,0.1111,0.1567,0.1765,0.3333,0.2,0.1,0.2778,0.2567,0.1929
0,218,0.0,0.2,0.3,0.0,0.09,0.1643,0.3333,0.2,0.1,0.6111,0.4567,0.2929,0.3333,0.2,0.2,0.1111,0.1567,0.1529,0.3333,0.2,0.1,0.2778,0.2567,0.1929
0,219,0.3333,0.2,0.2,0.1111,0.1567,0.1529,0.0,0.2,0.1,0.0,0.04,0.0846,0.0,0.2,0.1,0.0,0.04,0.0846,0.0,0.2,0.2,0.0,0.04,0.1182
0,220,0.3333,0.6,0.3,0.6111,0.5867,0.487,0.0,0.2,0.2,0.0,0.09,0.1575,0.3333,0.2,0.2,0.1111,0.1567,0.1765,0.0,0.2,0.1,0.0,0.04,0.0846
0,221,0.0,0.0,0.1,0.0,0.0,0.01,0.0,0.0,0.0,0.0,0.0,0.0,0.0,0.0,0.0,0.0,0.0,0.0,0.0,0.0,0.0,0.0,0.0,0.0
0,222,0.3333,0.6,0.4,0.2778,0.3867,0.4206,0.3333,0.2,0.2,0.1111,0.1567,0.2074,0.3333,0.2,0.1,0.1111,0.1567,0.1429,0.3333,0.2,0.2,0.1111,0.1567,0.2074
0,223,0.3333,0.2,0.3,0.1111,0.1567,0.2174,0.3333,0.2,0.3,0.1111,0.1567,0.2244,0.0,0.2,0.3,0.0,0.04,0.1661,0.0,0.2,0.1,0.0,0.09,0.1096
0,224,0.0,0.0,0.1,0.0,0.0,0.0211,0.3333,0.2,0.2,0.6111,0.4567,0.3408,0.3333,0.2,0.2,0.6111,0.4567,0.314,0.3333,0.2,0.2,0.6111,0.4567,0.3265
0,225,0.3333,0.2,0.2,0.1111,0.1567,0.1529,0.6667,0.6,0.4,0.8889,0.7533,0.5804,0.6667,0.4,0.4,0.8889,0.7133,0.5982,1.0,0.6,0.3,1.0,0.87,0.6287
0,226,0.0,0.4,0.3,0.0,0.13,0.2041,0.3333,0.4,0.2,0.6111,0.4967,0.3774,0.3333,0.2,0.2,0.6111,0.4567,0.3574,0.3333,0.4,0.2,0.1111,0.1967,0.2275
0,227,0.3333,0.2,0.2,0.6111,0.4567,0.3265,0.0,0.0,0.0,0.0,0.0,0.0,0.0,0.0,0.0,0.0,0.0,0.0,0.0,0.0,0.0,0.0,0.0,0.0
0,228,0.3333,0.2,0.2,0.6111,0.4567,0.3265,0.3333,0.2,0.1,0.6111,0.4567,0.2929,0.3333,0.2,0.2,0.6111,0.4567,0.3574,0.3333,0.2,0.1,0.6111,0.4567,0.2929
0,229,0.3333,0.4,0.4,0.6111,0.5467,0.4881,0.3333,0.2,0.1,0.6111,0.4567,0.2929,0.3333,0.2,0.1,0.6111,0.4567,0.2929,0.3333,0.2,0.1,0.6111,0.4567,0.2929
0,230,0.3333,0.4,0.2,0.6111,0.5467,0.4024,0.3333,0.2,0.3,0.1111,0.1567,0.2119,0.0,0.2,0.3,0.0,0.09,0.2077,0.3333,0.2,0.3,0.1111,0.1567,0.2119
0,231,0.3333,0.4,0.4,0.6111,0.5467,0.5149,0.3333,0.6,0.3,0.2778,0.3867,0.387,0.3333,0.4,0.3,0.2778,0.2967,0.342,0.3333,0.6,0.3,0.1111,0.2867,0.337
0,232,0.0,0.0,0.2,0.0,0.0,0.0311,0.3333,0.2,0.1,0.1111,0.1567,0.1429,0.0,0.2,0.1,0.0,0.09,0.1096,0.0,0.2,0.1,0.0,0.09,0.1096
0,234,0.0,0.2,0.3,0.0,0.04,0.1425,0.3333,0.6,0.4,0.1111,0.2867,0.4016,0.3333,0.2,0.5,0.2778,0.2567,0.3601,0.0,0.4,0.4,0.0,0.13,0.3066
0,235,0.0,0.2,0.3,0.0,0.09,0.1841,0.0,0.2,0.1,0.0,0.04,0.0846,0.0,0.2,0.1,0.0,0.04,0.0846,0.0,0.2,0.1,0.0,0.04,0.0846
0,236,0.0,0.0,0.2,0.0,0.0,0.0746,0.3333,0.2,0.2,0.2778,0.2567,0.214,0.3333,0.2,0.2,0.2778,0.2567,0.2029,0.0,0.2,0.2,0.0,0.09,0.1196
0,237,1.0,0.8,0.6,1.0,0.91,0.8114,0.6667,0.6,0.3,0.3889,0.5033,0.4454,0.3333,0.6,0.4,0.1111,0.2867,0.4016,0.6667,0.4,0.2,0.3889,0.4133,0.3358
0,238,0.3333,0.6,0.3,0.6111,0.5867,0.487,0.3333,0.4,0.5,0.6111,0.4967,0.5235,0.3333,0.4,0.5,0.6111,0.4967,0.4967,0.3333,0.4,0.5,0.6111,0.4967,0.4801
0,239,0.3333,0.4,0.5,0.2778,0.2967,0.3801,0.6667,0.6,0.4,0.3889,0.4533,0.4304,0.3333,0.4,0.4,0.2778,0.3467,0.377,0.6667,0.6,0.3,0.7222,0.6533,0.5204
0,240,0.0,0.2,0.1,0.0,0.04,0.0846,0.0,0.0,0.0,0.0,0.0,0.0,0.0,0.0,0.0,0.0,0.0,0.0,0.0,0.0,0.1,0.0,0.0,0.0211
0,241,0.6667,0.4,0.2,0.7222,0.6133,0.4358,0.3333,0.2,0.2,0.6111,0.4567,0.3265,0.3333,0.2,0.3,0.6111,0.4567,0.3744,0.3333,0.2,0.2,0.1111,0.1567,0.164
0,242,0.3333,0.2,0.2,0.2778,0.2567,0.2265,0.0,0.2,0.2,0.0,0.04,0.1325,0.0,0.0,0.2,0.0,0.0,0.069,0.0,0.0,0.2,0.0,0.0,0.0579
0,243,0.3333,0.4,0.3,0.6111,0.4967,0.442,0.3333,0.4,0.3,0.1111,0.2467,0.317,0.3333,0.4,0.3,0.1111,0.2467,0.317,0.6667,0.4,0.3,0.3889,0.4133,0.4004
0,244,0.3333,0.4,0.3,0.2778,0.3467,0.367,0.0,0.2,0.3,0.0,0.09,0.1952,0.0,0.2,0.2,0.0,0.09,0.1307,0.0,0.2,0.3,0.0,0.09,0.1643
0,246,0.3333,0.4,0.2,0.1111,0.1967,0.2275,0.3333,0.2,0.2,0.1111,0.1567,0.1908,0.3333,0.2,0.2,0.1111,0.1567,0.164,0.0,0.2,0.2,0.0,0.04,0.1182
0,247,0.3333,0.2,0.2,0.2778,0.2567,0.2265,0.0,0.0,0.1,0.0,0.0,0.0336,0.0,0.0,0.0,0.0,0.0,0.0,0.0,0.0,0.0,0.0,0.0,0.0
0,248,0.6667,0.4,0.3,0.8889,0.7133,0.5504,0.6667,0.8,0.6,0.7222,0.7433,0.7045,0.3333,0.6,0.5,0.6111,0.5867,0.5685,0.6667,0.6,0.6,0.8889,0.8033,0.7178
0,249,0.6667,0.4,0.2,0.7222,0.6133,0.4358,0.0,0.0,0.2,0.0,0.0,0.0815,0.0,0.4,0.2,0.0,0.13,0.1941,0.0,0.0,0.2,0.0,0.0,0.069
0,250,0.3333,0.4,0.2,0.1111,0.2467,0.2524,0.3333,0.2,0.1,0.6111,0.4567,0.2929,0.6667,0.4,0.2,0.7222,0.6133,0.4358,0.3333,0.2,0.1,0.6111,0.4567,0.2929
0,251,0.6667,0.6,0.4,0.8889,0.7533,0.5915,0.0,0.2,0.4,0.0,0.09,0.2556,0.3333,0.4,0.4,0.1111,0.2467,0.3103,0.0,0.2,0.4,0.0,0.09,0.2122
0,252,1.0,0.8,0.6,1.0,0.96,0.7819,1.0,0.8,0.6,1.0,0.96,0.8364,1.0,0.6,0.5,1.0,0.87,0.7269,1.0,0.8,0.4,1.0,0.96,0.7382
0,253,0.3333,0.2,0.1,0.6111,0.4567,0.2929,0.3333,0.2,0.3,0.6111,0.4567,0.3619,0.3333,0.4,0.4,0.6111,0.4967,0.4086,0.3333,0.2,0.2,0.2778,0.2567,0.2029
0,254,0.3333,0.2,0.2,0.1111,0.1567,0.1529,0.0,0.0,0.2,0.0,0.0,0.0311,0.0,0.0,0.1,0.0,0.0,0.0336,0.0,0.0,0.0,0.0,0.0,0.0
0,255,1.0,0.8,0.4,1.0,0.91,0.7132,1.0,0.8,0.5,1.0,0.96,0.8028,1.0,0.8,0.5,1.0,0.91,0.7778,1.0,0.8,0.5,1.0,0.96,0.8028
0,256,0.6667,0.6,0.4,0.3889,0.5033,0.5099,0.3333,0.2,0.3,0.6111,0.4567,0.3508,0.3333,0.2,0.1,0.2778,0.2567,0.1929,0.3333,0.4,0.3,0.1111,0.2467,0.317
0,258,1.0,0.6,0.6,1.0,0.87,0.7623,0.6667,0.6,0.4,0.3889,0.4533,0.4849,0.3333,0.4,0.4,0.1111,0.1967,0.309,0.6667,0.6,0.3,0.7222,0.7033,0.5454
0,259,0.6667,0.6,0.4,0.8889,0.8033,0.6432,0.3333,0.4,0.4,0.1111,0.2467,0.2961,0.3333,0.6,0.4,0.1111,0.2867,0.3706,0.0,0.0,0.3,0.0,0.0,0.1225
0,260,0.0,0.0,0.0,0.0,0.0,0.0,0.0,0.0,0.0,0.0,0.0,0.0,0.0,0.0,0.0,0.0,0.0,0.0,0.0,0.0,0.0,0.0,0.0,0.0
0,261,1.0,0.6,0.3,1.0,0.87,0.6287,0.0,0.0,0.1,0.0,0.0,0.0646,0.0,0.0,0.0,0.0,0.0,0.0,0.0,0.0,0.1,0.0,0.0,0.0646
0,262,1.0,0.8,0.5,1.0,0.96,0.8028,0.6667,0.4,0.4,0.8889,0.7133,0.5982,1.0,0.6,0.3,1.0,0.87,0.6287,0.3333,0.4,0.4,0.6111,0.4967,0.4899
0,263,0.3333,0.4,0.4,0.1111,0.2467,0.3649,0.3333,0.2,0.2,0.6111,0.4567,0.3408,0.3333,0.2,0.2,0.1111,0.1567,0.2074,0.3333,0.2,0.1,0.6111,0.4567,0.2929
0,264,0.6667,0.4,0.5,0.7222,0.6133,0.5148,1.0,0.8,0.5,1.0,0.91,0.7778,1.0,1.0,0.5,1.0,1.0,0.8228,1.0,0.6,0.4,1.0,0.87,0.6387
0,265,0.6667,0.4,0.4,0.3889,0.4133,0.4483,0.3333,0.2,0.2,0.1111,0.1567,0.1908,0.3333,0.2,0.2,0.1111,0.1567,0.2074,0.3333,0.2,0.2,0.1111,0.1567,0.1765
0,266,0.3333,0.2,0.3,0.1111,0.1567,0.2553,0.0,0.2,0.2,0.0,0.04,0.1491,0.3333,0.2,0.3,0.2778,0.2567,0.2508,0.3333,0.2,0.2,0.2778,0.2567,0.2575
0,267,0.6667,0.4,0.3,0.8889,0.7133,0.5194,0.6667,0.4,0.2,0.8889,0.7133,0.4858,0.3333,0.4,0.2,0.6111,0.5467,0.4024,0.6667,0.4,0.2,0.8889,0.7133,0.4858
0,268,0.3333,0.4,0.2,0.2778,0.3467,0.3024,0.0,0.4,0.2,0.0,0.13,0.1941,0.0,0.0,0.2,0.0,0.0,0.0857,0.3333,0.2,0.2,0.2778,0.2567,0.2265
0,269,0.6667,0.4,0.2,0.7222,0.6133,0.4358,0.3333,0.4,0.3,0.6111,0.4967,0.442,0.3333,0.2,0.3,0.6111,0.4567,0.3674,0.3333,0.4,0.3,0.6111,0.4967,0.3986
0,270,0.3333,0.2,0.3,0.6111,0.4567,0.3508,0.3333,0.2,0.2,0.2778,0.2567,0.2575,0.3333,0.2,0.2,0.6111,0.4567,0.3574,0.3333,0.2,0.2,0.2778,0.2567,0.2408
0,271,0.6667,0.6,0.3,0.8889,0.8033,0.5954,0.6667,0.4,0.3,0.8889,0.7133,0.5337,0.6667,0.6,0.3,0.8889,0.8033,0.5954,0.3333,0.4,0.3,0.6111,0.5467,0.4503
0,272,0.6667,0.4,0.2,0.3889,0.4133,0.3358,0.0,0.0,0.3,0.0,0.0,0.1225,0.0,0.2,0.2,0.0,0.04,0.1491,0.0,0.0,0.1,0.0,0.0,0.0479
0,273,0.6667,0.6,0.4,0.7222,0.6533,0.5304,0.0,0.2,0.1,0.0,0.09,0.1096,0.0,0.2,0.1,0.0,0.04,0.0846,0.0,0.0,0.0,0.0,0.0,0.0
0,274,0.3333,0.2,0.1,0.6111,0.4567,0.2929,0.0,0.0,0.3,0.0,0.0,0.1336,0.3333,0.2,0.3,0.2778,0.2567,0.2674,0.3333,0.4,0.3,0.2778,0.2967,0.2986
0,275,0.3333,0.4,0.3,0.1111,0.1967,0.2753,0.0,0.0,0.0,0.0,0.0,0.0,0.0,0.0,0.0,0.0,0.0,0.0,0.0,0.0,0.0,0.0,0.0,0.0
0,276,0.6667,0.4,0.4,0.8889,0.7133,0.5673,0.3333,0.2,0.2,0.6111,0.4567,0.314,0.3333,0.2,0.2,0.6111,0.4567,0.3265,0.0,0.2,0.2,0.0,0.09,0.1196
0,277,1.0,0.8,0.5,1.0,0.96,0.7719,1.0,0.6,0.6,1.0,0.87,0.7748,1.0,0.8,0.5,1.0,0.96,0.7862,0.6667,0.8,0.5,0.8889,0.8433,0.7135
0,278,0.0,0.0,0.2,0.0,0.0,0.0982,0.6667,0.6,0.4,0.8889,0.8033,0.6432,0.6667,0.6,0.4,0.8889,0.8033,0.6599,1.0,0.6,0.4,1.0,0.87,0.6932
0,279,0.0,0.4,0.4,0.0,0.13,0.2923,0.0,0.0,0.1,0.0,0.0,0.0479,0.0,0.0,0.0,0.0,0.0,0.0,0.0,0.0,0.2,0.0,0.0,0.0815
0,280,0.0,0.0,0.1,0.0,0.0,0.0646,0.0,0.0,0.2,0.0,0.0,0.0311,0.0,0.2,0.1,0.0,0.04,0.0846,0.0,0.0,0.2,0.0,0.0,0.0579
0,282,0.3333,0.4,0.2,0.2778,0.3467,0.3024,0.0,0.0,0.1,0.0,0.0,0.0646,0.0,0.0,0.2,0.0,0.0,0.0579,0.0,0.0,0.2,0.0,0.0,0.0436
0,283,1.0,0.6,0.5,1.0,0.87,0.6977,0.0,0.4,0.2,0.0,0.13,0.1941,0.3333,0.2,0.3,0.1111,0.1567,0.2411,0.3333,0.4,0.2,0.1111,0.1967,0.2275
0,284,0.0,0.0,0.0,0.0,0.0,0.0,0.0,0.0,0.1,0.0,0.0,0.0211,0.0,0.0,0.2,0.0,0.0,0.0547,0.0,0.2,0.1,0.0,0.09,0.1096
0,285,0.3333,0.4,0.2,0.6111,0.4967,0.3774,0.0,0.0,0.0,0.0,0.0,0.0,0.0,0.0,0.1,0.0,0.0,0.01,0.0,0.0,0.0,0.0,0.0,0.0
0,286,0.3333,0.4,0.3,0.1111,0.2467,0.317,0.0,0.0,0.0,0.0,0.0,0.0,0.0,0.0,0.0,0.0,0.0,0.0,0.0,0.0,0.0,0.0,0.0,0.0
0,287,0.6667,0.4,0.2,0.3889,0.4133,0.3358,0.0,0.4,0.2,0.0,0.13,0.1941,0.0,0.0,0.2,0.0,0.0,0.1125,0.0,0.0,0.1,0.0,0.0,0.01
0,288,0.0,0.0,0.1,0.0,0.0,0.0479,0.3333,0.2,0.1,0.6111,0.4567,0.2929,0.3333,0.2,0.1,0.6111,0.4567,0.2929,0.3333,0.2,0.1,0.6111,0.4567,0.2929
0,290,0.0,0.0,0.2,0.0,0.0,0.0857,0.0,0.0,0.0,0.0,0.0,0.0,0.0,0.0,0.0,0.0,0.0,0.0,0.0,0.0,0.0,0.0,0.0,0.0
0,291,0.3333,0.4,0.6,0.2778,0.3467,0.4585,1.0,0.8,0.4,1.0,0.96,0.7382,1.0,0.6,0.3,1.0,0.87,0.6287,1.0,0.6,0.3,1.0,0.87,0.6287
0,292,0.6667,0.4,0.2,0.8889,0.7133,0.4858,0.3333,0.4,0.3,0.6111,0.4967,0.4111,0.3333,0.4,0.3,0.6111,0.4967,0.4111,0.3333,0.4,0.3,0.6111,0.5467,0.4361
0,294,0.0,0.0,0.1,0.0,0.0,0.01,0.0,0.0,0.2,0.0,0.0,0.0982,0.0,0.0,0.1,0.0,0.0,0.0336,0.0,0.2,0.1,0.0,0.09,0.1096
0,295,0.6667,0.6,0.5,0.8889,0.8033,0.6769,0.3333,0.2,0.4,0.6111,0.4567,0.4265,0.0,0.4,0.3,0.0,0.13,0.2277,0.3333,0.2,0.3,0.6111,0.4567,0.4053
0,296,0.6667,0.4,0.3,0.8889,0.7133,0.5194,0.0,0.0,0.3,0.0,0.0,0.1336,0.3333,0.2,0.2,0.2778,0.2567,0.2408,0.0,0.0,0.0,0.0,0.0,0.0
0,297,0.6667,0.6,0.5,0.8889,0.8033,0.6644,0.6667,0.4,0.3,0.8889,0.7133,0.5504,0.6667,0.6,0.5,0.7222,0.7033,0.6199,0.3333,0.4,0.2,0.6111,0.5467,0.4024
0,298,0.3333,0.4,0.2,0.6111,0.5467,0.4024,0.0,0.0,0.1,0.0,0.0,0.0336,0.0,0.0,0.1,0.0,0.0,0.0211,0.0,0.0,0.2,0.0,0.0,0.0857
0,299,0.3333,0.2,0.3,0.1111,0.1567,0.2411,0.6667,0.4,0.4,0.8889,0.7133,0.584,0.6667,0.6,0.4,0.7222,0.7033,0.5665,0.6667,0.6,0.4,0.8889,0.8033,0.6165
0,300,0.6667,0.8,0.7,0.8889,0.8433,0.7589,0.6667,0.4,0.2,0.8889,0.7133,0.4858,0.6667,0.4,0.4,0.8889,0.7133,0.5604,0.6667,0.4,0.2,0.7222,0.6133,0.4358
0,301,1.0,0.6,0.4,1.0,0.87,0.6932,0.0,0.0,0.0,0.0,0.0,0.0,0.0,0.0,0.1,0.0,0.0,0.01,0.0,0.0,0.0,0.0,0.0,0.0
0,302,0.6667,0.6,0.3,0.3889,0.4533,0.4204,0.3333,0.2,0.2,0.6111,0.4567,0.3029,0.0,0.2,0.3,0.0,0.09,0.1911,0.0,0.0,0.2,0.0,0.0,0.0547
0,303,0.6667,0.6,0.4,0.7222,0.7033,0.5554,1.0,1.0,0.7,1.0,1.0,0.8974,0.6667,0.8,0.5,0.7222,0.7433,0.6635,1.0,1.0,0.7,1.0,1.0,0.8539
0,304,0.3333,0.2,0.1,0.6111,0.4567,0.2929,0.3333,0.2,0.2,0.6111,0.4567,0.3408,0.3333,0.2,0.2,0.6111,0.4567,0.3408,0.3333,0.2,0.2,0.6111,0.4567,0.3029
0,306,1.0,0.6,0.3,1.0,0.87,0.6287,0.6667,0.8,0.5,0.3889,0.5433,0.5635,0.6667,0.6,0.5,0.3889,0.5033,0.5144,0.3333,0.6,0.5,0.6111,0.5867,0.5995
0,307,0.6667,0.4,0.3,0.3889,0.4133,0.3569,0.0,0.0,0.1,0.0,0.0,0.01,0.0,0.0,0.1,0.0,0.0,0.01,0.0,0.0,0.0,0.0,0.0,0.0
0,308,0.0,0.0,0.0,0.0,0.0,0.0,0.0,0.0,0.1,0.0,0.0,0.0479,0.0,0.0,0.2,0.0,0.0,0.069,0.0,0.0,0.1,0.0,0.0,0.0646
0,309,0.3333,0.4,0.3,0.2778,0.3467,0.3503,0.0,0.2,0.1,0.0,0.04,0.0846,0.0,0.0,0.2,0.0,0.0,0.0982,0.0,0.0,0.0,0.0,0.0,0.0
0,310,0.0,0.2,0.3,0.0,0.09,0.1675,0.0,0.2,0.3,0.0,0.04,0.1536,0.0,0.2,0.3,0.0,0.09,0.1911,0.3333,0.2,0.3,0.1111,0.1567,0.2286
0,312,0.6667,0.4,0.4,0.8889,0.7133,0.5294,0.3333,0.2,0.2,0.1111,0.1567,0.164,0.0,0.2,0.1,0.0,0.09,0.1096,0.6667,0.4,0.2,0.3889,0.4133,0.3358
0,313,0.0,0.0,0.0,0.0,0.0,0.0,0.0,0.0,0.0,0.0,0.0,0.0,0.0,0.0,0.0,0.0,0.0,0.0,0.0,0.0,0.0,0.0,0.0,0.0
0,314,0.6667,0.4,0.3,0.8889,0.7133,0.5194,0.0,0.0,0.0,0.0,0.0,0.0,0.0,0.0,0.0,0.0,0.0,0.0,0.0,0.0,0.0,0.0,0.0,0.0
0,315,0.3333,0.2,0.1,0.6111,0.4567,0.2929,0.6667,0.4,0.3,0.7222,0.6133,0.5004,0.3333,0.2,0.3,0.6111,0.4567,0.3508,0.6667,0.4,0.3,0.7222,0.6133,0.5004
0,317,0.0,0.2,0.2,0.0,0.09,0.1575,0.3333,0.2,0.2,0.1111,0.1567,0.2074,0.0,0.0,0.0,0.0,0.0,0.0,0.0,0.0,0.2,0.0,0.0,0.0547
0,318,0.3333,0.2,0.1,0.1111,0.1567,0.1429,0.3333,0.2,0.1,0.6111,0.4567,0.2929,0.3333,0.2,0.1,0.6111,0.4567,0.2929,0.0,0.2,0.2,0.0,0.09,0.1307
0,319,0.6667,0.6,0.4,0.8889,0.8033,0.6599,0.3333,0.2,0.2,0.6111,0.4567,0.3408,0.3333,0.2,0.2,0.6111,0.4567,0.3408,0.3333,0.2,0.2,0.2778,0.2567,0.2408
0,321,0.6667,0.4,0.5,0.7222,0.6133,0.544,0.6667,0.6,0.3,0.7222,0.6533,0.5204,0.6667,0.4,0.2,0.7222,0.6133,0.4358,0.3333,0.4,0.3,0.6111,0.4967,0.442
0,322,0.3333,0.2,0.2,0.2778,0.2567,0.2408,0.3333,0.4,0.3,0.1111,0.1967,0.2753,0.0,0.4,0.4,0.0,0.13,0.2377,0.0,0.4,0.3,0.0,0.13,0.2587
0,323,0.0,0.0,0.2,0.0,0.0,0.0857,0.0,0.2,0.1,0.0,0.04,0.0846,0.0,0.2,0.1,0.0,0.04,0.0846,0.0,0.2,0.1,0.0,0.04,0.0846
0,325,0.0,0.0,0.1,0.0,0.0,0.0646,0.0,0.0,0.0,0.0,0.0,0.0,0.0,0.0,0.0,0.0,0.0,0.0,0.0,0.0,0.0,0.0,0.0,0.0
0,326,0.6667,0.4,0.2,0.8889,0.7133,0.4858,0.0,0.0,0.1,0.0,0.0,0.0479,0.0,0.0,0.0,0.0,0.0,0.0,0.0,0.0,0.2,0.0,0.0,0.0746
0,327,0.3333,0.2,0.2,0.2778,0.2567,0.2575,0.3333,0.4,0.2,0.2778,0.2967,0.2774,0.6667,0.4,0.2,0.3889,0.4133,0.3358,0.3333,0.2,0.2,0.2778,0.2567,0.2575
0,328,0.6667,0.4,0.2,0.8889,0.7133,0.4858,0.0,0.0,0.0,0.0,0.0,0.0,0.0,0.0,0.0,0.0,0.0,0.0,0.0,0.0,0.0,0.0,0.0,0.0
0,330,0.0,0.4,0.4,0.0,0.13,0.2923,0.0,0.2,0.2,0.0,0.09,0.1741,0.3333,0.2,0.2,0.2778,0.2567,0.214,0.0,0.2,0.3,0.0,0.09,0.1407
0,331,0.3333,0.2,0.2,0.1111,0.1567,0.164,0.3333,0.4,0.3,0.2778,0.3467,0.3124,0.3333,0.4,0.3,0.1111,0.2467,0.3003,0.3333,0.2,0.3,0.2778,0.2567,0.2508
0,332,0.0,0.0,0.1,0.0,0.0,0.0479,0.3333,0.2,0.2,0.2778,0.2567,0.2265,0.3333,0.2,0.2,0.2778,0.2567,0.2029,0.3333,0.2,0.1,0.2778,0.2567,0.1929
0,334,0.6667,0.4,0.4,0.8889,0.7133,0.5673,0.0,0.4,0.3,0.0,0.13,0.2041,0.3333,0.4,0.4,0.1111,0.1967,0.2853,0.3333,0.2,0.1,0.1111,0.1567,0.1429
0,335,0.6667,0.6,0.5,0.8889,0.8033,0.7078,0.3333,0.2,0.2,0.2778,0.2567,0.214,0.3333,0.6,0.3,0.2778,0.3867,0.387,0.3333,0.2,0.1,0.2778,0.2567,0.1929
0,336,0.6667,0.6,0.3,0.8889,0.8033,0.5954,0.3333,0.4,0.4,0.1111,0.2467,0.3506,0.3333,0.4,0.4,0.6111,0.4967,0.459,0.3333,0.4,0.4,0.1111,0.1967,0.2965
0,337,0.0,0.0,0.2,0.0,0.0,0.0857,0.0,0.0,0.0,0.0,0.0,0.0,0.0,0.0,0.0,0.0,0.0,0.0,0.0,0.2,0.1,0.0,0.09,0.1096
0,338,0.6667,0.4,0.3,0.8889,0.7133,0.5194,0.0,0.2,0.2,0.0,0.09,0.1196,0.3333,0.2,0.1,0.1111,0.1567,0.1429,0.0,0.2,0.2,0.0,0.09,0.1196
0,339,0.3333,0.2,0.1,0.1111,0.1567,0.1429,0.0,0.0,0.1,0.0,0.0,0.0646,0.0,0.0,0.1,0.0,0.0,0.0336,0.0,0.0,0.0,0.0,0.0,0.0
0,340,0.3333,0.2,0.2,0.6111,0.4567,0.3029,0.3333,0.4,0.2,0.2778,0.2967,0.2774,0.3333,0.2,0.2,0.1111,0.1567,0.2074,0.3333,0.4,0.2,0.2778,0.2967,0.2774
0,341,0.6667,0.4,0.2,0.7222,0.6133,0.4358,0.6667,0.4,0.3,0.8889,0.7133,0.5069,0.6667,0.4,0.2,0.7222,0.6133,0.4358,0.6667,0.4,0.2,0.8889,0.7133,0.4858
0,342,0.3333,0.2,0.3,0.6111,0.4567,0.3619,0.6667,0.6,0.3,0.7222,0.6533,0.5204,0.6667,0.4,0.3,0.8889,0.7133,0.5194,0.6667,0.6,0.3,0.7222,0.6533,0.5204
0,343,0.6667,0.4,0.2,0.8889,0.7133,0.4858,0.0,0.0,0.1,0.0,0.0,0.0479,0.0,0.0,0.1,0.0,0.0,0.0336,0.0,0.0,0.1,0.0,0.0,0.0336
0,344,0.0,0.2,0.2,0.0,0.09,0.1432,0.0,0.0,0.1,0.0,0.0,0.0646,0.0,0.0,0.1,0.0,0.0,0.01,0.0,0.0,0.1,0.0,0.0,0.0336
0,345,0.6667,0.4,0.2,0.8889,0.7133,0.4858,1.0,0.6,0.3,1.0,0.87,0.6287,0.6667,0.6,0.3,0.8889,0.8033,0.5954,0.6667,0.6,0.4,0.8889,0.8033,0.6599
0,346,0.3333,0.2,0.1,0.2778,0.2567,0.1929,0.3333,0.2,0.1,0.2778,0.2567,0.1929,0.3333,0.2,0.1,0.1111,0.1567,0.1429,0.3333,0.2,0.1,0.2778,0.2567,0.1929
0,347,0.3333,0.4,0.4,0.6111,0.5467,0.4881,0.6667,0.6,0.3,0.3889,0.5033,0.4454,0.3333,0.6,0.3,0.2778,0.3867,0.387,0.6667,0.6,0.3,0.3889,0.5033,0.4454
0,348,0.6667,0.4,0.2,0.8889,0.7133,0.4858,0.0,0.2,0.1,0.0,0.04,0.0846,0.3333,0.2,0.1,0.6111,0.4567,0.2929,0.0,0.0,0.1,0.0,0.0,0.0479
0,349,1.0,0.8,0.4,1.0,0.96,0.7382,0.3333,0.2,0.2,0.6111,0.4567,0.3408,0.3333,0.2,0.2,0.6111,0.4567,0.3265,0.3333,0.2,0.1,0.6111,0.4567,0.2929
0,350,0.6667,0.4,0.4,0.8889,0.7133,0.5405,0.6667,0.8,0.5,0.8889,0.8433,0.7135,0.6667,0.6,0.4,0.8889,0.7533,0.6182,0.6667,0.6,0.5,0.8889,0.7533,0.6519
0,351,0.3333,0.2,0.1,0.1111,0.1567,0.1429,0.0,0.0,0.1,0.0,0.0,0.0336,0.0,0.0,0.2,0.0,0.0,0.069,0.0,0.0,0.1,0.0,0.0,0.01
0,353,0.3333,0.4,0.3,0.6111,0.5467,0.4236,0.0,0.0,0.0,0.0,0.0,0.0,0.0,0.2,0.1,0.0,0.04,0.0846,0.0,0.0,0.1,0.0,0.0,0.0646
0,354,0.3333,0.2,0.2,0.2778,0.2567,0.2029,0.0,0.0,0.0,0.0,0.0,0.0,0.0,0.0,0.1,0.0,0.0,0.0211,0.0,0.0,0.0,0.0,0.0,0.0
0,355,0.3333,0.2,0.1,0.6111,0.4567,0.2929,0.6667,0.4,0.2,0.8889,0.7133,0.4858,0.6667,0.4,0.2,0.7222,0.6133,0.4358,0.6667,0.4,0.3,0.8889,0.7133,0.5069
0,356,0.0,0.0,0.1,0.0,0.0,0.0479,0.0,0.0,0.0,0.0,0.0,0.0,0.0,0.0,0.1,0.0,0.0,0.0646,0.0,0.0,0.1,0.0,0.0,0.01
0,357,0.3333,0.4,0.2,0.6111,0.5467,0.4024,0.0,0.0,0.0,0.0,0.0,0.0,0.0,0.0,0.0,0.0,0.0,0.0,0.0,0.0,0.0,0.0,0.0,0.0
0,358,0.6667,0.4,0.3,0.3889,0.4133,0.4004,0.6667,0.4,0.3,0.8889,0.7133,0.4958,0.6667,0.4,0.3,0.8889,0.7133,0.5194,0.6667,0.4,0.3,0.8889,0.7133,0.5337
0,359,0.6667,0.4,0.4,0.8889,0.7133,0.5715,0.3333,0.2,0.4,0.6111,0.4567,0.4122,0.3333,0.2,0.2,0.6111,0.4567,0.3029,0.3333,0.2,0.2,0.6111,0.4567,0.3574
0,360,0.6667,0.6,0.3,0.8889,0.7533,0.5704,0.6667,0.8,0.6,0.8889,0.8433,0.711,0.6667,0.8,0.6,0.8889,0.8433,0.711,0.6667,0.6,0.6,0.8889,0.8033,0.7414
0,361,0.3333,0.2,0.2,0.2778,0.2567,0.214,0.3333,0.2,0.1,0.6111,0.4567,0.2929,0.3333,0.2,0.1,0.2778,0.2567,0.1929,0.3333,0.2,0.1,0.6111,0.4567,0.2929
0,362,0.3333,0.2,0.1,0.6111,0.4567,0.2929,0.3333,0.2,0.1,0.1111,0.1567,0.1429,0.0,0.2,0.3,0.0,0.09,0.222,0.0,0.0,0.0,0.0,0.0,0.0
0,363,1.0,0.6,0.5,1.0,0.87,0.6866,0.6667,0.6,0.4,0.7222,0.7033,0.579,0.6667,0.6,0.5,0.8889,0.8033,0.681,0.6667,0.6,0.5,0.7222,0.7033,0.6001
0,364,0.6667,0.6,0.5,0.7222,0.6533,0.6019,0.3333,0.4,0.4,0.6111,0.4967,0.4899,0.3333,0.2,0.3,0.6111,0.4567,0.3744,0.3333,0.4,0.4,0.6111,0.5467,0.5006
0,365,0.3333,0.4,0.4,0.6111,0.4967,0.4631,0.3333,0.2,0.1,0.2778,0.2567,0.1929,0.0,0.2,0.1,0.0,0.04,0.0846,0.3333,0.4,0.2,0.2778,0.3467,0.3024
0,366,0.6667,0.6,0.6,0.7222,0.7033,0.648,0.0,0.4,0.2,0.0,0.13,0.1941,0.0,0.2,0.1,0.0,0.09,0.1096,0.0,0.0,0.2,0.0,0.0,0.0547
0,367,0.3333,0.2,0.2,0.1111,0.1567,0.1908,0.0,0.0,0.2,0.0,0.0,0.1125,0.0,0.0,0.2,0.0,0.0,0.1125,0.0,0.0,0.2,0.0,0.0,0.1125
0,368,0.0,0.0,0.2,0.0,0.0,0.0815,0.3333,0.2,0.2,0.1111,0.1567,0.1529,0.3333,0.2,0.3,0.1111,0.1567,0.2119,0.0,0.2,0.1,0.0,0.09,0.1096
0,369,0.3333,0.2,0.2,0.6111,0.4567,0.3265,0.6667,0.4,0.2,0.7222,0.6133,0.4358,0.3333,0.4,0.2,0.6111,0.5467,0.4024,0.6667,0.4,0.2,0.7222,0.6133,0.4358
0,370,1.0,0.6,0.4,1.0,0.87,0.6932,0.3333,0.4,0.2,0.2778,0.3467,0.3024,0.3333,0.4,0.3,0.1111,0.2467,0.2624,0.3333,0.4,0.2,0.2778,0.3467,0.3024
0,371,0.0,0.0,0.1,0.0,0.0,0.0336,0.3333,0.2,0.2,0.6111,0.4567,0.3029,0.0,0.2,0.2,0.0,0.09,0.1307,0.3333,0.2,0.1,0.6111,0.4567,0.2929
0,372,0.3333,0.4,0.4,0.6111,0.4967,0.4631,0.3333,0.2,0.2,0.2778,0.2567,0.2575,0.3333,0.2,0.2,0.2778,0.2567,0.2265,0.3333,0.4,0.2,0.2778,0.3467,0.3024
0,373,0.6667,0.6,0.4,0.8889,0.8033,0.6599,0.0,0.2,0.1,0.0,0.04,0.0846,0.0,0.0,0.1,0.0,0.0,0.0211,0.0,0.0,0.1,0.0,0.0,0.01
0,374,0.0,0.2,0.2,0.0,0.09,0.1307,0.0,0.4,0.3,0.0,0.13,0.2587,0.3333,0.4,0.3,0.1111,0.2467,0.2861,0.0,0.0,0.0,0.0,0.0,0.0
0,375,0.3333,0.4,0.4,0.6111,0.4967,0.459,0.0,0.2,0.2,0.0,0.04,0.1491,0.0,0.0,0.1,0.0,0.0,0.0479,0.0,0.2,0.2,0.0,0.04,0.1491
0,377,0.0,0.0,0.0,0.0,0.0,0.0,0.0,0.0,0.0,0.0,0.0,0.0,0.0,0.0,0.1,0.0,0.0,0.0646,0.0,0.0,0.0,0.0,0.0,0.0
0,378,0.6667,0.8,0.6,0.3889,0.5433,0.6114,0.0,0.0,0.2,0.0,0.0,0.1125,0.0,0.0,0.1,0.0,0.0,0.0646,0.0,0.0,0.2,0.0,0.0,0.1125
0,379,0.6667,0.6,0.4,0.8889,0.8033,0.6054,0.3333,0.4,0.3,0.6111,0.5467,0.4124,0.3333,0.2,0.2,0.6111,0.4567,0.3574,0.3333,0.2,0.2,0.6111,0.4567,0.3029
0,380,0.3333,0.2,0.3,0.2778,0.2567,0.2674,0.6667,0.6,0.4,0.7222,0.7033,0.5554,0.6667,0.4,0.3,0.8889,0.7133,0.5337,0.6667,0.6,0.3,0.3889,0.5033,0.4454
0,381,0.0,0.0,0.2,0.0,0.0,0.1125,0.3333,0.2,0.2,0.2778,0.2567,0.2408,0.3333,0.2,0.1,0.1111,0.1567,0.1429,0.3333,0.2,0.2,0.2778,0.2567,0.2265
0,382,0.3333,0.2,0.3,0.6111,0.4567,0.3674,0.0,0.2,0.2,0.0,0.09,0.1196,0.0,0.2,0.1,0.0,0.09,0.1096,0.0,0.2,0.1,0.0,0.04,0.0846
0,383,0.0,0.2,0.2,0.0,0.04,0.1182,0.3333,0.2,0.2,0.2778,0.2567,0.2029,0.3333,0.2,0.1,0.2778,0.2567,0.1929,0.3333,0.2,0.2,0.2778,0.2567,0.2029
0,384,0.3333,0.4,0.3,0.6111,0.5467,0.4124,0.0,0.2,0.2,0.0,0.09,0.1741,0.0,0.2,0.2,0.0,0.04,0.1325,0.3333,0.2,0.2,0.2778,0.2567,0.214
0,385,0.6667,0.6,0.6,0.8889,0.8033,0.6869,0.3333,0.2,0.1,0.1111,0.1567,0.1429,0.3333,0.2,0.2,0.1111,0.1567,0.1908,0.3333,0.2,0.1,0.1111,0.1567,0.1429
0,386,0.6667,0.4,0.3,0.8889,0.7133,0.5504,0.6667,0.4,0.3,0.8889,0.7133,0.5069,0.6667,0.4,0.3,0.7222,0.6133,0.4837,0.3333,0.4,0.4,0.6111,0.5467,0.4336
0,387,0.3333,0.4,0.2,0.1111,0.2467,0.2524,0.3333,0.2,0.1,0.2778,0.2567,0.1929,0.0,0.2,0.1,0.0,0.09,0.1096,0.3333,0.2,0.1,0.1111,0.1567,0.1429
0,388,1.0,1.0,0.7,1.0,1.0,0.8974,1.0,1.0,0.8,1.0,1.0,0.9689,1.0,1.0,0.8,1.0,1.0,0.9453,1.0,1.0,0.8,1.0,1.0,0.9689
0,389,0.0,0.2,0.2,0.0,0.04,0.1491,0.0,0.0,0.3,0.0,0.0,0.1026,0.0,0.0,0.2,0.0,0.0,0.0815,0.0,0.0,0.2,0.0,0.0,0.069
0,390,0.3333,0.4,0.2,0.2778,0.2967,0.2774,0.3333,0.2,0.1,0.2778,0.2567,0.1929,0.3333,0.2,0.1,0.6111,0.4567,0.2929,0.3333,0.2,0.1,0.2778,0.2567,0.1929
0,391,0.3333,0.2,0.1,0.2778,0.2567,0.1929,0.0,0.0,0.0,0.0,0.0,0.0,0.0,0.0,0.1,0.0,0.0,0.01,0.0,0.0,0.0,0.0,0.0,0.0
0,393,0.3333,0.2,0.3,0.2778,0.2567,0.2744,0.3333,0.2,0.3,0.1111,0.1567,0.2119,0.0,0.0,0.2,0.0,0.0,0.0815,0.3333,0.2,0.2,0.1111,0.1567,0.1908
0,395,0.3333,0.2,0.4,0.1111,0.1567,0.2653,0.6667,0.6,0.6,0.7222,0.7033,0.6369,0.6667,0.6,0.6,0.8889,0.7533,0.6619,0.6667,0.6,0.6,0.7222,0.7033,0.6646
0,396,1.0,0.6,0.7,1.0,0.87,0.7959,0.6667,0.6,0.6,0.8889,0.7533,0.6928,0.3333,0.4,0.6,0.6111,0.4967,0.5446,0.6667,0.6,0.3,0.8889,0.7533,0.5704
0,397,0.6667,0.4,0.2,0.8889,0.7133,0.4858,0.3333,0.4,0.3,0.6111,0.5467,0.4124,0.6667,0.4,0.2,0.8889,0.7133,0.4858,0.3333,0.2,0.2,0.6111,0.4567,0.3574
0,398,0.6667,0.4,0.3,0.7222,0.6133,0.4569,0.3333,0.2,0.1,0.2778,0.2567,0.1929,0.3333,0.2,0.3,0.1111,0.1567,0.2553,0.3333,0.2,0.1,0.1111,0.1567,0.1429
0,399,0.6667,0.8,0.6,0.3889,0.5433,0.6045,0.0,0.0,0.3,0.0,0.0,0.1082,0.0,0.0,0.2,0.0,0.0,0.0815,0.0,0.0,0.2,0.0,0.0,0.0579
0,400,0.6667,0.4,0.4,0.7222,0.6133,0.5483,0.3333,0.2,0.2,0.2778,0.2567,0.2408,0.3333,0.6,0.4,0.1111,0.2867,0.347,0.3333,0.2,0.2,0.6111,0.4567,0.3029
0,401,1.0,0.6,0.5,1.0,0.87,0.6977,1.0,0.8,0.5,1.0,0.96,0.8028,1.0,0.8,0.6,1.0,0.96,0.8507,1.0,0.8,0.4,1.0,0.96,0.7382
0,402,0.6667,0.4,0.3,0.8889,0.7133,0.5504,0.3333,0.2,0.1,0.2778,0.2567,0.1929,0.3333,0.2,0.2,0.2778,0.2567,0.2575,0.0,0.2,0.1,0.0,0.09,0.1096
0,403,0.3333,0.2,0.2,0.6111,0.4567,0.3574,0.0,0.0,0.0,0.0,0.0,0.0,0.0,0.0,0.0,0.0,0.0,0.0,0.0,0.0,0.0,0.0,0.0,0.0
0,404,0.0,0.2,0.3,0.0,0.04,0.1661,0.3333,0.4,0.3,0.2778,0.3467,0.3124,0.6667,0.4,0.3,0.3889,0.4133,0.3569,0.0,0.2,0.2,0.0,0.04,0.1491
0,405,0.6667,0.6,0.6,0.8889,0.7533,0.7164,0.0,0.2,0.3,0.0,0.04,0.1536,0.0,0.0,0.2,0.0,0.0,0.1125,0.3333,0.2,0.3,0.1111,0.1567,0.2174
0,407,1.0,1.0,0.8,1.0,1.0,0.9453,0.6667,0.6,0.3,0.8889,0.8033,0.5954,0.3333,0.4,0.3,0.6111,0.5467,0.467,0.6667,0.6,0.3,0.7222,0.7033,0.5454
0,408,0.3333,0.4,0.3,0.1111,0.1967,0.2753,0.0,0.0,0.2,0.0,0.0,0.0746,0.0,0.0,0.1,0.0,0.0,0.0211,0.0,0.0,0.2,0.0,0.0,0.0436
0,409,0.3333,0.2,0.1,0.2778,0.2567,0.1929,0.0,0.0,0.0,0.0,0.0,0.0,0.0,0.0,0.0,0.0,0.0,0.0,0.0,0.0,0.0,0.0,0.0,0.0
0,410,0.0,0.2,0.2,0.0,0.04,0.1182,0.0,0.2,0.2,0.0,0.04,0.1057,0.0,0.0,0.2,0.0,0.0,0.0746,0.0,0.0,0.1,0.0,0.0,0.0211
0,411,0.0,0.2,0.1,0.0,0.09,0.1096,0.3333,0.4,0.3,0.1111,0.1967,0.292,0.3333,0.6,0.3,0.1111,0.2867,0.337,0.0,0.4,0.3,0.0,0.13,0.2587
0,412,0.0,0.0,0.0,0.0,0.0,0.0,0.0,0.0,0.1,0.0,0.0,0.0336,0.0,0.2,0.1,0.0,0.09,0.1096,0.0,0.0,0.1,0.0,0.0,0.0336
0,413,0.0,0.4,0.3,0.0,0.13,0.242,0.3333,0.2,0.1,0.6111,0.4567,0.2929,0.3333,0.2,0.1,0.6111,0.4567,0.2929,0.3333,0.2,0.1,0.6111,0.4567,0.2929
0,414,0.3333,0.2,0.1,0.6111,0.4567,0.2929,0.0,0.2,0.2,0.0,0.04,0.1182,0.3333,0.2,0.1,0.1111,0.1567,0.1429,0.0,0.2,0.1,0.0,0.04,0.0846
0,415,0.6667,0.4,0.3,0.3889,0.4133,0.3837,0.3333,0.4,0.2,0.1111,0.2467,0.2524,0.3333,0.2,0.2,0.2778,0.2567,0.2408,0.3333,0.2,0.1,0.1111,0.1567,0.1429
0,416,0.3333,0.4,0.3,0.6111,0.5467,0.4503,0.3333,0.4,0.3,0.1111,0.1967,0.292,0.0,0.2,0.4,0.0,0.09,0.1743,0.3333,0.2,0.3,0.1111,0.1567,0.1976
0,417,0.3333,0.2,0.2,0.6111,0.4567,0.3408,0.0,0.0,0.1,0.0,0.0,0.0646,0.3333,0.2,0.2,0.1111,0.1567,0.2074,0.0,0.0,0.1,0.0,0.0,0.0646
0,418,0.6667,0.6,0.5,0.8889,0.8033,0.6769,0.3333,0.2,0.2,0.1111,0.1567,0.1765,0.0,0.2,0.2,0.0,0.09,0.1741,0.3333,0.2,0.2,0.1111,0.1567,0.2074
0,419,0.3333,0.6,0.4,0.2778,0.3867,0.4081,0.0,0.2,0.2,0.0,0.09,0.1432,0.0,0.0,0.3,0.0,0.0,0.1026,0.0,0.0,0.1,0.0,0.0,0.0336
0,420,0.0,0.0,0.1,0.0,0.0,0.0479,0.0,0.0,0.0,0.0,0.0,0.0,0.0,0.0,0.0,0.0,0.0,0.0,0.0,0.0,0.0,0.0,0.0,0.0
0,421,0.6667,0.4,0.3,0.8889,0.7133,0.5194,0.3333,0.4,0.2,0.6111,0.5467,0.4024,0.3333,0.2,0.2,0.6111,0.4567,0.3408,0.3333,0.4,0.2,0.6111,0.4967,0.3774
0,422,0.0,0.0,0.1,0.0,0.0,0.0479,0.0,0.0,0.0,0.0,0.0,0.0,0.0,0.2,0.1,0.0,0.04,0.0846,0.0,0.0,0.0,0.0,0.0,0.0
0,423,0.6667,0.6,0.4,0.7222,0.7033,0.5665,0.0,0.2,0.2,0.0,0.09,0.1741,0.0,0.2,0.3,0.0,0.09,0.1911,0.0,0.2,0.3,0.0,0.09,0.1841
0,424,0.3333,0.2,0.4,0.6111,0.4567,0.3719,0.3333,0.4,0.2,0.6111,0.5467,0.4024,0.3333,0.4,0.3,0.1111,0.1967,0.2611,0.6667,0.4,0.2,0.7222,0.6133,0.4358
0,425,0.0,0.0,0.0,0.0,0.0,0.0,0.0,0.0,0.1,0.0,0.0,0.01,0.0,0.0,0.1,0.0,0.0,0.0646,0.0,0.0,0.1,0.0,0.0,0.0211
0,426,0.6667,0.8,0.5,0.7222,0.7433,0.6945,0.6667,0.4,0.3,0.3889,0.4133,0.4004,0.6667,0.4,0.3,0.8889,0.7133,0.5504,0.3333,0.6,0.3,0.1111,0.2867,0.337
0,427,0.0,0.2,0.2,0.0,0.09,0.1575,0.6667,0.6,0.4,0.8889,0.8033,0.629,0.6667,0.4,0.3,0.7222,0.6133,0.5004,0.6667,0.6,0.4,0.8889,0.8033,0.629
0,428,0.3333,0.2,0.3,0.6111,0.4567,0.3744,0.3333,0.2,0.1,0.1111,0.1567,0.1429,0.3333,0.4,0.2,0.1111,0.2467,0.2524,0.0,0.2,0.1,0.0,0.09,0.1096
0,429,0.0,0.2,0.2,0.0,0.04,0.0946,0.0,0.0,0.1,0.0,0.0,0.0646,0.0,0.2,0.1,0.0,0.04,0.0846,0.0,0.0,0.1,0.0,0.0,0.0211
0,430,0.3333,0.4,0.2,0.6111,0.5467,0.4024,0.3333,0.4,0.3,0.2778,0.3467,0.3236,0.3333,0.4,0.3,0.6111,0.5467,0.467,0.3333,0.4,0.2,0.2778,0.2967,0.2774
0,432,1.0,0.6,0.4,1.0,0.87,0.6498,0.0,0.2,0.2,0.0,0.09,0.1741,0.3333,0.2,0.2,0.2778,0.2567,0.2408,0.3333,0.4,0.2,0.2778,0.3467,0.3024
0,433,0.3333,0.2,0.4,0.6111,0.4567,0.3886,0.3333,0.4,0.4,0.1111,0.1967,0.3399,0.0,0.2,0.4,0.0,0.04,0.2306,0.3333,0.4,0.3,0.1111,0.1967,0.292
0,434,0.6667,0.4,0.4,0.8889,0.7133,0.584,0.3333,0.4,0.2,0.1111,0.2467,0.2524,0.3333,0.2,0.2,0.6111,0.4567,0.3029,0.3333,0.4,0.2,0.1111,0.2467,0.2524
0,435,0.3333,0.6,0.5,0.6111,0.5867,0.5181,0.3333,0.4,0.4,0.6111,0.5467,0.4715,0.3333,0.4,0.3,0.6111,0.4967,0.442,0.3333,0.4,0.3,0.6111,0.4967,0.442
0,436,0.3333,0.2,0.2,0.6111,0.4567,0.3408,0.3333,0.2,0.1,0.1111,0.1567,0.1429,0.3333,0.2,0.1,0.2778,0.2567,0.1929,0.3333,0.2,0.1,0.1111,0.1567,0.1429
0,437,0.0,0.2,0.3,0.0,0.04,0.1536,0.0,0.2,0.1,0.0,0.04,0.0846,0.0,0.0,0.2,0.0,0.0,0.0815,0.0,0.2,0.2,0.0,0.04,0.1325
0,438,0.0,0.2,0.2,0.0,0.04,0.1325,0.0,0.0,0.1,0.0,0.0,0.0479,0.0,0.0,0.1,0.0,0.0,0.0211,0.0,0.0,0.1,0.0,0.0,0.0479
0,439,0.6667,0.6,0.4,0.7222,0.7033,0.5933,0.3333,0.4,0.3,0.6111,0.5467,0.467,0.6667,0.4,0.3,0.8889,0.7133,0.5194,0.3333,0.4,0.3,0.6111,0.5467,0.467
0,440,0.6667,0.4,0.3,0.8889,0.7133,0.5069,0.3333,0.2,0.2,0.6111,0.4567,0.3408,0.3333,0.2,0.3,0.6111,0.4567,0.3508,0.3333,0.2,0.2,0.6111,0.4567,0.314
0,441,0.0,0.0,0.2,0.0,0.0,0.069,0.0,0.2,0.1,0.0,0.09,0.1096,0.3333,0.2,0.1,0.2778,0.2567,0.1929,0.0,0.2,0.1,0.0,0.04,0.0846
0,443,0.3333,0.6,0.7,0.6111,0.5867,0.6542,0.3333,0.2,0.2,0.6111,0.4567,0.3574,0.3333,0.4,0.2,0.6111,0.5467,0.4024,0.3333,0.2,0.2,0.6111,0.4567,0.3574
0,444,0.3333,0.4,0.2,0.6111,0.5467,0.4024,0.3333,0.4,0.4,0.6111,0.4967,0.4353,0.3333,0.2,0.3,0.2778,0.2567,0.2911,0.3333,0.4,0.2,0.6111,0.4967,0.3774
0,445,0.0,0.2,0.2,0.0,0.04,0.1057,0.0,0.0,0.0,0.0,0.0,0.0,0.0,0.0,0.1,0.0,0.0,0.01,0.0,0.0,0.0,0.0,0.0,0.0
0,446,0.3333,0.2,0.1,0.6111,0.4567,0.2929,0.0,0.2,0.1,0.0,0.09,0.1096,0.0,0.0,0.1,0.0,0.0,0.0336,0.3333,0.2,0.1,0.1111,0.1567,0.1429
0,447,0.6667,0.4,0.5,0.8889,0.7133,0.5773,0.6667,0.4,0.4,0.3889,0.4133,0.4483,0.6667,0.4,0.4,0.3889,0.4133,0.3669,0.6667,0.6,0.4,0.3889,0.4533,0.4849
0,448,0.3333,0.4,0.3,0.6111,0.4967,0.4111,0.0,0.0,0.1,0.0,0.0,0.0646,0.0,0.0,0.1,0.0,0.0,0.01,0.0,0.0,0.1,0.0,0.0,0.0646
0,449,0.6667,0.4,0.3,0.8889,0.7133,0.4958,0.6667,0.4,0.3,0.3889,0.4133,0.3569,0.3333,0.2,0.2,0.1111,0.1567,0.1529,0.6667,0.4,0.2,0.3889,0.4133,0.3358
0,450,0.0,0.2,0.3,0.0,0.04,0.1282,0.3333,0.2,0.2,0.6111,0.4567,0.3574,0.3333,0.2,0.2,0.6111,0.4567,0.3265,0.3333,0.2,0.2,0.6111,0.4567,0.3574
0,451,0.3333,0.4,0.3,0.2778,0.2967,0.3253,0.0,0.2,0.2,0.0,0.04,0.1057,0.0,0.0,0.2,0.0,0.0,0.0982,0.0,0.0,0.2,0.0,0.0,0.069
0,452,0.3333,0.2,0.2,0.2778,0.2567,0.2575,0.0,0.0,0.1,0.0,0.0,0.01,0.0,0.0,0.0,0.0,0.0,0.0,0.0,0.2,0.1,0.0,0.04,0.0846
0,453,0.0,0.0,0.0,0.0,0.0,0.0,0.0,0.0,0.1,0.0,0.0,0.0479,0.0,0.0,0.1,0.0,0.0,0.01,0.0,0.0,0.1,0.0,0.0,0.0479
0,454,1.0,0.8,0.5,1.0,0.96,0.7594,0.6667,0.6,0.4,0.8889,0.8033,0.6054,1.0,0.6,0.4,1.0,0.87,0.6932,0.6667,0.6,0.3,0.8889,0.8033,0.5954
0,455,0.6667,0.4,0.2,0.3889,0.4133,0.3358,0.6667,0.6,0.3,0.7222,0.6533,0.5204,0.6667,0.4,0.3,0.7222,0.6133,0.5004,0.6667,0.4,0.3,0.7222,0.6133,0.4458
0,456,0.3333,0.4,0.2,0.6111,0.4967,0.3774,0.0,0.4,0.2,0.0,0.13,0.1941,0.0,0.0,0.2,0.0,0.0,0.0436,0.0,0.2,0.1,0.0,0.04,0.0846
0,457,0.3333,0.4,0.2,0.2778,0.3467,0.3024,0.3333,0.4,0.3,0.1111,0.2467,0.3003,0.3333,0.2,0.2,0.1111,0.1567,0.1765,0.3333,0.2,0.3,0.2778,0.2567,0.2744
0,458,0.0,0.0,0.2,0.0,0.0,0.0579,0.0,0.2,0.1,0.0,0.09,0.1096,0.3333,0.2,0.2,0.2778,0.2567,0.214,0.0,0.2,0.2,0.0,0.09,0.1432
0,459,0.6667,0.4,0.4,0.8889,0.7133,0.584,0.6667,0.6,0.6,0.8889,0.7533,0.6785,0.6667,0.4,0.6,0.8889,0.7133,0.6419,0.6667,0.6,0.5,0.8889,0.8033,0.6644
0,460,0.6667,0.6,0.5,0.7222,0.7033,0.631,0.3333,0.4,0.2,0.1111,0.1967,0.2275,0.0,0.0,0.1,0.0,0.0,0.0479,0.0,0.0,0.2,0.0,0.0,0.0857
0,461,1.0,0.8,0.6,1.0,0.96,0.7694,1.0,0.6,0.4,1.0,0.87,0.6932,0.6667,0.6,0.4,0.7222,0.7033,0.6099,1.0,0.6,0.4,1.0,0.87,0.6498
0,462,0.0,0.2,0.1,0.0,0.09,0.1096,0.0,0.2,0.3,0.0,0.04,0.1425,0.3333,0.2,0.3,0.1111,0.1567,0.1865,0.3333,0.2,0.2,0.1111,0.1567,0.1908
0,463,0.6667,0.6,0.6,0.7222,0.7033,0.6101,0.3333,0.4,0.3,0.6111,0.4967,0.3874,0.3333,0.2,0.3,0.6111,0.4567,0.3476,0.3333,0.2,0.1,0.6111,0.4567,0.2929
0,464,0.3333,0.2,0.2,0.6111,0.4567,0.3574,0.0,0.0,0.0,0.0,0.0,0.0,0.0,0.0,0.0,0.0,0.0,0.0,0.0,0.0,0.0,0.0,0.0,0.0
0,465,0.6667,0.8,0.4,0.7222,0.7433,0.6299,0.3333,0.2,0.2,0.6111,0.4567,0.3029,0.3333,0.2,0.3,0.6111,0.4567,0.3476,0.3333,0.2,0.2,0.6111,0.4567,0.3574
0,466,0.6667,0.4,0.4,0.8889,0.7133,0.5548,1.0,0.6,0.5,1.0,0.87,0.6598,0.6667,0.4,0.3,0.8889,0.7133,0.4958,0.6667,0.4,0.4,0.8889,0.7133,0.5982
0,467,0.6667,0.8,0.5,0.3889,0.5433,0.5635,0.6667,0.8,0.7,0.8889,0.8433,0.7825,1.0,0.8,0.6,1.0,0.96,0.8239,1.0,0.6,0.7,1.0,0.87,0.7959
0,468,0.3333,0.4,0.4,0.6111,0.5467,0.4881,0.3333,0.2,0.1,0.6111,0.4567,0.2929,0.3333,0.2,0.1,0.6111,0.4567,0.2929,0.3333,0.2,0.1,0.6111,0.4567,0.2929
0,469,0.0,0.0,0.0,0.0,0.0,0.0,0.6667,0.4,0.2,0.3889,0.4133,0.3358,0.3333,0.2,0.3,0.6111,0.4567,0.3911,0.6667,0.4,0.2,0.7222,0.6133,0.4358
0,470,0.3333,0.2,0.3,0.6111,0.4567,0.3619,0.3333,0.2,0.3,0.6111,0.4567,0.4053,0.3333,0.2,0.3,0.6111,0.4567,0.4053,0.3333,0.2,0.2,0.6111,0.4567,0.3574
0,471,1.0,1.0,0.5,1.0,1.0,0.8228,0.0,0.4,0.2,0.0,0.13,0.1941,0.3333,0.2,0.3,0.1111,0.1567,0.2119,0.0,0.2,0.1,0.0,0.09,0.1096
0,472,1.0,0.6,0.4,1.0,0.87,0.6498,0.3333,0.4,0.4,0.2778,0.3467,0.4149,0.3333,0.2,0.2,0.1111,0.1567,0.2074,0.3333,0.4,0.4,0.2778,0.3467,0.4149
0,474,0.6667,0.4,0.2,0.3889,0.4133,0.3358,0.0,0.0,0.0,0.0,0.0,0.0,0.0,0.0,0.0,0.0,0.0,0.0,0.0,0.0,0.0,0.0,0.0,0.0
0,475,0.3333,0.4,0.3,0.2778,0.2967,0.2874,0.0,0.2,0.1,0.0,0.04,0.0846,0.3333,0.2,0.1,0.1111,0.1567,0.1429,0.0,0.0,0.1,0.0,0.0,0.0479
0,476,0.0,0.4,0.2,0.0,0.13,0.1941,0.0,0.2,0.2,0.0,0.09,0.1575,0.0,0.2,0.2,0.0,0.09,0.1196,0.0,0.2,0.1,0.0,0.09,0.1096
0,479,0.0,0.0,0.1,0.0,0.0,0.0479,0.3333,0.2,0.1,0.1111,0.1567,0.1429,0.0,0.2,0.2,0.0,0.04,0.1491,0.3333,0.2,0.1,0.6111,0.4567,0.2929
0,480,0.3333,0.2,0.1,0.2778,0.2567,0.1929,0.0,0.0,0.2,0.0,0.0,0.0815,0.0,0.0,0.2,0.0,0.0,0.0746,0.0,0.0,0.2,0.0,0.0,0.0579
0,482,0.0,0.0,0.1,0.0,0.0,0.0211,0.0,0.2,0.2,0.0,0.09,0.1741,0.0,0.0,0.1,0.0,0.0,0.0479,0.3333,0.4,0.2,0.2778,0.2967,0.2774
0,483,0.0,0.0,0.0,0.0,0.0,0.0,0.0,0.0,0.1,0.0,0.0,0.0646,0.0,0.0,0.2,0.0,0.0,0.0982,0.3333,0.2,0.1,0.2778,0.2567,0.1929
0,484,0.0,0.2,0.1,0.0,0.09,0.1096,0.0,0.0,0.0,0.0,0.0,0.0,0.0,0.0,0.0,0.0,0.0,0.0,0.0,0.0,0.0,0.0,0.0,0.0
0,485,0.6667,0.6,0.3,0.8889,0.7533,0.5704,1.0,0.6,0.4,1.0,0.87,0.6766,1.0,0.6,0.4,1.0,0.87,0.6498,1.0,0.6,0.4,1.0,0.87,0.6766
0,486,0.6667,0.4,0.4,0.8889,0.7133,0.5604,0.3333,0.4,0.3,0.6111,0.5467,0.4361,0.0,0.2,0.3,0.0,0.04,0.1661,0.6667,0.4,0.2,0.3889,0.4133,0.3358
0,487,1.0,1.0,0.6,1.0,1.0,0.8328,0.0,0.0,0.0,0.0,0.0,0.0,0.0,0.0,0.1,0.0,0.0,0.0646,0.0,0.0,0.0,0.0,0.0,0.0
0,488,0.3333,0.4,0.3,0.6111,0.5467,0.4124,0.0,0.0,0.1,0.0,0.0,0.0479,0.3333,0.2,0.1,0.2778,0.2567,0.1929,0.0,0.0,0.0,0.0,0.0,0.0
0,489,0.0,0.2,0.1,0.0,0.04,0.0846,0.0,0.0,0.1,0.0,0.0,0.0479,0.0,0.2,0.1,0.0,0.09,0.1096,0.0,0.0,0.1,0.0,0.0,0.0479
0,490,0.6667,0.4,0.2,0.7222,0.6133,0.4358,0.3333,0.2,0.1,0.2778,0.2567,0.1929,0.3333,0.2,0.1,0.2778,0.2567,0.1929,0.3333,0.2,0.1,0.2778,0.2567,0.1929
0,491,1.0,0.8,0.5,1.0,0.96,0.7862,1.0,0.6,0.3,1.0,0.87,0.6287,0.6667,0.6,0.3,0.8889,0.7533,0.5704,1.0,0.6,0.3,1.0,0.87,0.6287
0,492,0.6667,0.4,0.2,0.3889,0.4133,0.3358,0.0,0.2,0.2,0.0,0.09,0.1741,0.0,0.0,0.3,0.0,0.0,0.1461,0.0,0.0,0.2,0.0,0.0,0.0857
0,493,1.0,0.6,0.5,1.0,0.87,0.7412,0.3333,0.2,0.3,0.2778,0.2567,0.3053,0.0,0.2,0.4,0.0,0.09,0.2011,0.3333,0.2,0.3,0.1111,0.1567,0.2553
0,494,1.0,0.6,0.7,1.0,0.87,0.7723,0.6667,0.6,0.4,0.7222,0.7033,0.579,0.6667,0.6,0.4,0.7222,0.7033,0.5554,0.6667,0.6,0.4,0.7222,0.7033,0.579
0,495,0.3333,0.4,0.3,0.1111,0.1967,0.2486,0.0,0.0,0.0,0.0,0.0,0.0,0.0,0.0,0.0,0.0,0.0,0.0,0.0,0.0,0.0,0.0,0.0,0.0
0,496,0.3333,0.6,0.5,0.6111,0.5867,0.5727,1.0,0.8,0.6,1.0,0.96,0.8507,1.0,0.6,0.6,1.0,0.87,0.7512,1.0,0.8,0.6,1.0,0.96,0.8507
0,497,0.6667,0.4,0.2,0.8889,0.7133,0.4858,0.3333,0.2,0.2,0.6111,0.4567,0.3265,0.3333,0.4,0.3,0.2778,0.2967,0.3253,0.3333,0.2,0.2,0.6111,0.4567,0.3029
0,498,0.6667,0.6,0.4,0.8889,0.8033,0.6165,0.6667,0.6,0.3,0.7222,0.6533,0.5204,0.0,0.0,0.2,0.0,0.0,0.0436,0.6667,0.4,0.2,0.7222,0.6133,0.4358
0,499,0.3333,0.2,0.1,0.6111,0.4567,0.2929,0.6667,0.6,0.4,0.7222,0.6533,0.5304,0.3333,0.2,0.2,0.6111,0.4567,0.3574,0.3333,0.4,0.4,0.6111,0.4967,0.4353
0,500,0.3333,0.2,0.3,0.2778,0.2567,0.3053,0.3333,0.2,0.1,0.6111,0.4567,0.2929,0.0,0.0,0.1,0.0,0.0,0.0479,0.3333,0.2,0.2,0.6111,0.4567,0.314
0,501,0.3333,0.2,0.1,0.6111,0.4567,0.2929,0.6667,0.6,0.5,0.7222,0.7033,0.6269,0.6667,0.4,0.5,0.7222,0.6133,0.5273,0.6667,0.4,0.5,0.7222,0.6133,0.5315
0,502,0.0,0.2,0.2,0.0,0.04,0.1182,0.0,0.2,0.3,0.0,0.09,0.1786,0.3333,0.4,0.2,0.1111,0.2467,0.2524,0.3333,0.2,0.2,0.6111,0.4567,0.3265
0,503,0.6667,0.4,0.2,0.8889,0.7133,0.4858,0.0,0.0,0.1,0.0,0.0,0.0479,0.0,0.0,0.0,0.0,0.0,0.0,0.0,0.0,0.1,0.0,0.0,0.0479
0,504,0.3333,0.6,0.4,0.6111,0.5867,0.497,0.3333,0.4,0.2,0.2778,0.2967,0.2774,0.0,0.2,0.3,0.0,0.04,0.1591,0.3333,0.4,0.2,0.2778,0.2967,0.2774
0,505,0.6667,0.8,0.7,0.7222,0.7433,0.6946,1.0,0.8,0.6,1.0,0.96,0.7819,1.0,1.0,0.5,1.0,1.0,0.8228,0.6667,0.4,0.6,0.8889,0.7133,0.6419
0,506,1.0,0.6,0.3,1.0,0.87,0.6287,1.0,0.6,0.3,1.0,0.87,0.6287,0.6667,0.6,0.3,0.8889,0.8033,0.5954,1.0,0.6,0.3,1.0,0.87,0.6287
0,509,0.0,0.0,0.2,0.0,0.0,0.0547,0.3333,0.2,0.1,0.1111,0.1567,0.1429,0.0,0.2,0.2,0.0,0.04,0.0946,0.3333,0.2,0.1,0.1111,0.1567,0.1429
0,510,0.3333,0.2,0.2,0.1111,0.1567,0.164,0.0,0.0,0.1,0.0,0.0,0.0336,0.0,0.0,0.0,0.0,0.0,0.0,0.0,0.0,0.0,0.0,0.0,0.0
0,511,0.3333,0.2,0.4,0.2778,0.2567,0.2844,0.0,0.0,0.3,0.0,0.0,0.0915,0.0,0.0,0.2,0.0,0.0,0.0547,0.0,0.0,0.1,0.0,0.0,0.0211
0,512,0.6667,0.8,0.4,0.7222,0.7433,0.6299,0.3333,0.2,0.1,0.2778,0.2567,0.1929,0.3333,0.2,0.2,0.2778,0.2567,0.2265,0.3333,0.2,0.1,0.2778,0.2567,0.1929
0,513,0.6667,0.6,0.4,0.7222,0.7033,0.5665,0.3333,0.2,0.1,0.1111,0.1567,0.1429,0.3333,0.2,0.1,0.2778,0.2567,0.1929,0.3333,0.2,0.1,0.1111,0.1567,0.1429
0,514,0.3333,0.2,0.1,0.6111,0.4567,0.2929,0.0,0.0,0.1,0.0,0.0,0.0336,0.0,0.2,0.2,0.0,0.09,0.1741,0.0,0.0,0.1,0.0,0.0,0.0211
0,515,0.6667,0.8,0.5,0.8889,0.8433,0.7278,1.0,0.8,0.5,1.0,0.96,0.8028,1.0,0.8,0.5,1.0,0.96,0.8028,0.6667,0.6,0.5,0.8889,0.8033,0.6265
0,516,0.0,0.4,0.5,0.0,0.13,0.3166,0.6667,0.6,0.3,0.8889,0.8033,0.5954,0.6667,0.4,0.4,0.8889,0.7133,0.5982,1.0,0.6,0.3,1.0,0.87,0.6287
0,517,0.6667,0.4,0.3,0.8889,0.7133,0.5194,0.6667,0.4,0.2,0.8889,0.7133,0.4858,0.6667,0.4,0.2,0.8889,0.7133,0.4858,0.3333,0.4,0.2,0.6111,0.4967,0.3774
0,518,0.6667,0.4,0.4,0.3889,0.4133,0.4104,0.6667,0.4,0.3,0.7222,0.6133,0.4694,0.3333,0.2,0.2,0.6111,0.4567,0.314,0.6667,0.4,0.4,0.7222,0.6133,0.4669
0,519,1.0,0.6,0.5,1.0,0.87,0.7144,0.6667,0.4,0.3,0.8889,0.7133,0.5194,0.6667,0.4,0.4,0.8889,0.7133,0.5169,0.6667,0.4,0.3,0.8889,0.7133,0.5194
0,520,0.3333,0.2,0.2,0.1111,0.1567,0.164,0.0,0.0,0.2,0.0,0.0,0.0982,0.0,0.0,0.2,0.0,0.0,0.0982,0.0,0.0,0.2,0.0,0.0,0.0436
0,521,0.3333,0.2,0.2,0.2778,0.2567,0.214,0.0,0.2,0.1,0.0,0.09,0.1096,0.0,0.2,0.3,0.0,0.09,0.222,0.0,0.2,0.1,0.0,0.09,0.1096
0,522,0.3333,0.6,0.5,0.6111,0.5867,0.5449,0.0,0.0,0.1,0.0,0.0,0.01,0.0,0.0,0.2,0.0,0.0,0.0982,0.0,0.0,0.0,0.0,0.0,0.0
0,523,0.0,0.2,0.1,0.0,0.09,0.1096,0.3333,0.2,0.1,0.1111,0.1567,0.1429,0.3333,0.4,0.3,0.2778,0.3467,0.3236,0.3333,0.2,0.1,0.1111,0.1567,0.1429
0,524,1.0,1.0,0.6,1.0,1.0,0.8707,0.6667,0.6,0.3,0.7222,0.7033,0.5454,0.6667,0.6,0.4,0.7222,0.7033,0.6099,0.6667,0.4,0.2,0.7222,0.6133,0.4358
0,525,0.0,0.0,0.1,0.0,0.0,0.0479,0.3333,0.2,0.1,0.1111,0.1567,0.1429,0.3333,0.2,0.1,0.1111,0.1567,0.1429,0.3333,0.2,0.1,0.6111,0.4567,0.2929
0,526,0.3333,0.2,0.1,0.6111,0.4567,0.2929,0.0,0.0,0.0,0.0,0.0,0.0,0.3333,0.2,0.1,0.1111,0.1567,0.1429,0.0,0.0,0.0,0.0,0.0,0.0
0,527,0.0,0.2,0.1,0.0,0.04,0.0846,0.0,0.0,0.2,0.0,0.0,0.0746,0.0,0.2,0.1,0.0,0.04,0.0846,0.0,0.0,0.1,0.0,0.0,0.0211
0,528,0.3333,0.6,0.4,0.2778,0.3867,0.4516,0.3333,0.2,0.3,0.2778,0.2567,0.2619,0.3333,0.4,0.4,0.2778,0.2967,0.3631,0.3333,0.4,0.3,0.6111,0.4967,0.3874
0,530,1.0,1.0,0.5,1.0,1.0,0.8228,0.3333,0.4,0.2,0.2778,0.2967,0.2774,0.0,0.2,0.2,0.0,0.09,0.1741,0.0,0.0,0.1,0.0,0.0,0.0646
0,531,0.6667,0.6,0.6,0.8889,0.8033,0.7146,1.0,0.6,0.5,1.0,0.87,0.6598,1.0,0.8,0.4,1.0,0.91,0.7132,1.0,0.6,0.4,1.0,0.87,0.6387
0,532,0.3333,0.2,0.2,0.6111,0.4567,0.3574,0.3333,0.4,0.3,0.6111,0.5467,0.4236,0.3333,0.2,0.3,0.6111,0.4567,0.4053,0.3333,0.4,0.2,0.6111,0.5467,0.4024
0,533,0.6667,0.4,0.2,0.8889,0.7133,0.4858,0.3333,0.2,0.1,0.6111,0.4567,0.2929,0.3333,0.2,0.1,0.6111,0.4567,0.2929,0.0,0.2,0.1,0.0,0.09,0.1096
0,534,0.3333,0.4,0.2,0.6111,0.5467,0.4024,0.6667,0.4,0.3,0.8889,0.7133,0.5504,0.6667,0.4,0.3,0.8889,0.7133,0.5337,0.3333,0.6,0.4,0.6111,0.5867,0.5516
0,536,0.6667,0.6,0.4,0.8889,0.8033,0.6599,0.6667,0.6,0.4,0.8889,0.7533,0.6182,0.6667,0.6,0.4,0.7222,0.6533,0.5683,0.6667,0.6,0.3,0.8889,0.7533,0.5704
0,537,0.6667,0.6,0.4,0.8889,0.7533,0.604,0.6667,0.4,0.2,0.8889,0.7133,0.4858,0.6667,0.4,0.2,0.8889,0.7133,0.4858,0.6667,0.4,0.2,0.8889,0.7133,0.4858
0,538,0.6667,0.8,0.5,0.8889,0.8433,0.701,0.3333,0.4,0.3,0.1111,0.1967,0.2374,0.3333,0.4,0.3,0.2778,0.2967,0.3253,0.3333,0.4,0.3,0.1111,0.1967,0.2486
0,539,1.0,0.6,0.5,1.0,0.87,0.7269,1.0,1.0,0.6,1.0,1.0,0.8874,0.6667,0.6,0.6,0.8889,0.8033,0.6601,1.0,1.0,0.5,1.0,1.0,0.8228
0,540,1.0,0.8,0.5,1.0,0.96,0.8028,0.6667,0.6,0.4,0.8889,0.8033,0.6599,0.6667,0.8,0.5,0.8889,0.8433,0.7278,0.6667,0.6,0.3,0.8889,0.8033,0.5954
0,541,0.6667,0.4,0.4,0.8889,0.7133,0.5673,0.3333,0.4,0.2,0.6111,0.5467,0.4024,0.3333,0.2,0.2,0.2778,0.2567,0.2575,0.3333,0.4,0.2,0.6111,0.5467,0.4024
0,542,0.3333,0.2,0.2,0.2778,0.2567,0.2029,0.0,0.2,0.3,0.0,0.09,0.1532,0.0,0.2,0.2,0.0,0.04,0.1182,0.0,0.2,0.2,0.0,0.09,0.1432
0,543,0.3333,0.4,0.4,0.2778,0.3467,0.3336,0.3333,0.4,0.2,0.6111,0.4967,0.3774,0.3333,0.2,0.3,0.6111,0.4567,0.3674,0.6667,0.4,0.3,0.7222,0.6133,0.4694
0,544,0.3333,0.4,0.3,0.6111,0.4967,0.4111,0.6667,0.8,0.5,0.7222,0.7433,0.6399,0.3333,0.6,0.4,0.2778,0.3867,0.4516,0.6667,0.8,0.5,0.3889,0.5433,0.551
0,546,0.3333,0.4,0.2,0.6111,0.4967,0.3774,0.6667,0.4,0.3,0.8889,0.7133,0.5069,0.6667,0.4,0.2,0.7222,0.6133,0.4358,0.3333,0.2,0.1,0.2778,0.2567,0.1929
0,547,0.3333,0.4,0.2,0.1111,0.1967,0.2275,0.6667,0.6,0.3,0.3889,0.5033,0.4454,0.6667,0.6,0.3,0.3889,0.5033,0.4454,0.3333,0.6,0.3,0.1111,0.2867,0.337
0,548,0.6667,0.4,0.2,0.8889,0.7133,0.4858,0.3333,0.2,0.4,0.6111,0.4567,0.3955,0.3333,0.6,0.6,0.6111,0.5867,0.6095,0.3333,0.2,0.3,0.6111,0.4567,0.3674
0,549,1.0,0.8,0.5,1.0,0.96,0.7862,0.6667,0.8,0.5,0.8889,0.8433,0.6899,0.6667,0.8,0.4,0.7222,0.7433,0.6299,1.0,0.8,0.5,1.0,0.91,0.7232
0,550,0.6667,0.4,0.2,0.3889,0.4133,0.3358,0.6667,0.6,0.3,0.8889,0.7533,0.5704,0.6667,0.4,0.2,0.7222,0.6133,0.4358,0.6667,0.6,0.4,0.8889,0.7533,0.5915
0,551,1.0,0.6,0.5,1.0,0.87,0.6977,0.6667,0.4,0.4,0.7222,0.6133,0.4669,0.3333,0.2,0.3,0.6111,0.4567,0.324,0.6667,0.6,0.3,0.7222,0.7033,0.5454
0,552,0.0,0.0,0.0,0.0,0.0,0.0,0.0,0.0,0.0,0.0,0.0,0.0,0.0,0.0,0.0,0.0,0.0,0.0,0.0,0.0,0.1,0.0,0.0,0.0479
0,553,0.6667,0.4,0.3,0.7222,0.6133,0.4569,0.0,0.0,0.1,0.0,0.0,0.0211,0.0,0.0,0.1,0.0,0.0,0.01,0.0,0.0,0.2,0.0,0.0,0.0579
0,554,0.3333,0.2,0.1,0.6111,0.4567,0.2929,0.0,0.0,0.0,0.0,0.0,0.0,0.0,0.0,0.0,0.0,0.0,0.0,0.0,0.0,0.0,0.0,0.0,0.0
0,555,0.6667,0.4,0.2,0.3889,0.4133,0.3358,0.6667,0.4,0.2,0.3889,0.4133,0.3358,0.6667,0.4,0.2,0.3889,0.4133,0.3358,0.6667,0.4,0.2,0.3889,0.4133,0.3358
0,556,1.0,0.8,0.6,1.0,0.96,0.8364,1.0,0.8,0.6,1.0,0.91,0.8257,1.0,0.6,0.5,1.0,0.87,0.7412,1.0,0.8,0.6,1.0,0.91,0.8257
0,557,0.6667,0.4,0.2,0.8889,0.7133,0.4858,0.6667,0.4,0.2,0.7222,0.6133,0.4358,0.6667,0.4,0.2,0.8889,0.7133,0.4858,0.3333,0.4,0.2,0.6111,0.5467,0.4024
0,558,0.6667,0.4,0.2,0.7222,0.6133,0.4358,0.3333,0.2,0.2,0.2778,0.2567,0.2575,0.3333,0.2,0.2,0.6111,0.4567,0.3029,0.3333,0.2,0.2,0.2778,0.2567,0.2575
0,559,0.3333,0.2,0.3,0.6111,0.4567,0.3365,0.0,0.2,0.2,0.0,0.09,0.1196,0.0,0.0,0.1,0.0,0.0,0.0479,0.0,0.0,0.0,0.0,0.0,0.0
0,560,0.0,0.0,0.0,0.0,0.0,0.0,0.0,0.2,0.2,0.0,0.09,0.1307,0.0,0.0,0.1,0.0,0.0,0.01,0.0,0.2,0.2,0.0,0.04,0.1325
0,561,0.3333,0.4,0.3,0.2778,0.3467,0.3236,0.3333,0.2,0.1,0.6111,0.4567,0.2929,0.3333,0.2,0.2,0.2778,0.2567,0.214,0.3333,0.2,0.1,0.2778,0.2567,0.1929
0,562,0.3333,0.2,0.2,0.2778,0.2567,0.2265,0.0,0.0,0.0,0.0,0.0,0.0,0.0,0.0,0.0,0.0,0.0,0.0,0.0,0.0,0.0,0.0,0.0,0.0
0,563,0.0,0.0,0.0,0.0,0.0,0.0,0.0,0.0,0.1,0.0,0.0,0.01,0.0,0.2,0.1,0.0,0.09,0.1096,0.0,0.0,0.0,0.0,0.0,0.0
0,564,0.0,0.0,0.2,0.0,0.0,0.0547,0.0,0.0,0.3,0.0,0.0,0.1336,0.0,0.0,0.2,0.0,0.0,0.1125,0.0,0.0,0.2,0.0,0.0,0.0311
0,565,0.0,0.2,0.2,0.0,0.09,0.1196,0.3333,0.2,0.2,0.2778,0.2567,0.2029,0.0,0.2,0.1,0.0,0.04,0.0846,0.0,0.0,0.1,0.0,0.0,0.01
0,566,0.3333,0.4,0.3,0.2778,0.3467,0.367,0.0,0.0,0.1,0.0,0.0,0.0646,0.0,0.0,0.1,0.0,0.0,0.0646,0.0,0.2,0.1,0.0,0.04,0.0846
0,567,0.6667,0.6,0.4,0.8889,0.7533,0.6182,0.3333,0.2,0.3,0.6111,0.4567,0.3508,0.3333,0.2,0.2,0.6111,0.4567,0.3408,0.3333,0.4,0.3,0.6111,0.4967,0.3986
0,568,0.6667,0.4,0.2,0.8889,0.7133,0.4858,0.3333,0.4,0.4,0.6111,0.4967,0.4631,0.6667,0.4,0.3,0.3889,0.4133,0.3837,0.3333,0.4,0.4,0.6111,0.4967,0.4631
0,570,0.6667,0.4,0.3,0.7222,0.6133,0.4837,0.3333,0.4,0.3,0.6111,0.5467,0.4236,0.3333,0.2,0.1,0.6111,0.4567,0.2929,0.3333,0.4,0.2,0.6111,0.4967,0.3774
0,571,0.6667,0.6,0.3,0.8889,0.7533,0.5704,0.6667,0.4,0.3,0.8889,0.7133,0.5337,0.6667,0.6,0.3,0.8889,0.7533,0.5704,0.6667,0.4,0.3,0.8889,0.7133,0.5337
0,572,0.0,0.2,0.1,0.0,0.04,0.0846,0.0,0.0,0.2,0.0,0.0,0.0311,0.0,0.0,0.1,0.0,0.0,0.01,0.0,0.0,0.0,0.0,0.0,0.0
0,573,0.0,0.0,0.1,0.0,0.0,0.01,0.3333,0.4,0.4,0.2778,0.2967,0.3211,0.3333,0.2,0.2,0.2778,0.2567,0.2408,0.0,0.4,0.4,0.0,0.13,0.2798
0,574,0.6667,0.4,0.2,0.7222,0.6133,0.4358,0.6667,0.4,0.3,0.7222,0.6133,0.4458,0.3333,0.4,0.3,0.6111,0.4967,0.3874,0.6667,0.4,0.3,0.7222,0.6133,0.4694
0,575,0.3333,0.2,0.2,0.6111,0.4567,0.314,0.0,0.0,0.2,0.0,0.0,0.0746,0.3333,0.2,0.1,0.6111,0.4567,0.2929,0.0,0.0,0.2,0.0,0.0,0.0746
0,577,0.6667,0.4,0.3,0.8889,0.7133,0.4958,0.0,0.4,0.2,0.0,0.13,0.1941,0.3333,0.4,0.2,0.2778,0.2967,0.2774,0.3333,0.2,0.3,0.1111,0.1567,0.2174
0,578,0.3333,0.2,0.2,0.2778,0.2567,0.2265,0.3333,0.4,0.3,0.6111,0.5467,0.4124,0.3333,0.2,0.3,0.6111,0.4567,0.324,0.6667,0.4,0.2,0.7222,0.6133,0.4358
0,579,0.3333,0.6,0.4,0.1111,0.2867,0.3849,0.3333,0.2,0.3,0.2778,0.2567,0.2365,0.0,0.0,0.1,0.0,0.0,0.0336,0.3333,0.2,0.2,0.2778,0.2567,0.2265
0,580,1.0,0.8,0.5,1.0,0.91,0.7344,0.3333,0.4,0.2,0.6111,0.5467,0.4024,0.0,0.2,0.2,0.0,0.04,0.1491,0.3333,0.4,0.2,0.1111,0.1967,0.2275
0,581,0.3333,0.2,0.2,0.6111,0.4567,0.3574,0.3333,0.2,0.1,0.1111,0.1567,0.1429,0.0,0.2,0.1,0.0,0.04,0.0846,0.0,0.2,0.1,0.0,0.09,0.1096
0,582,0.0,0.2,0.3,0.0,0.09,0.1643,0.3333,0.4,0.3,0.6111,0.5467,0.467,0.3333,0.2,0.2,0.6111,0.4567,0.3265,0.3333,0.4,0.3,0.6111,0.4967,0.4111
0,583,0.6667,0.4,0.5,0.8889,0.7133,0.6319,0.6667,0.6,0.5,0.7222,0.7033,0.6578,0.6667,0.4,0.6,0.8889,0.7133,0.5984,0.6667,0.8,0.6,0.7222,0.7433,0.6989
0,584,0.0,0.0,0.0,0.0,0.0,0.0,0.0,0.0,0.1,0.0,0.0,0.0479,0.0,0.0,0.1,0.0,0.0,0.0211,0.0,0.2,0.1,0.0,0.09,0.1096
0,585,0.3333,0.4,0.3,0.2778,0.2967,0.2986,0.3333,0.4,0.2,0.1111,0.1967,0.2275,0.3333,0.4,0.2,0.1111,0.2467,0.2524,0.3333,0.2,0.2,0.2778,0.2567,0.2029
0,586,0.6667,0.4,0.2,0.3889,0.4133,0.3358,0.0,0.0,0.2,0.0,0.0,0.069,0.3333,0.2,0.2,0.2778,0.2567,0.2029,0.0,0.0,0.0,0.0,0.0,0.0
0,587,0.0,0.2,0.2,0.0,0.04,0.1182,0.0,0.2,0.2,0.0,0.09,0.1741,0.0,0.0,0.0,0.0,0.0,0.0,0.0,0.2,0.2,0.0,0.09,0.1196
0,588,0.3333,0.4,0.2,0.6111,0.4967,0.3774,0.3333,0.4,0.2,0.1111,0.2467,0.2524,0.3333,0.2,0.2,0.1111,0.1567,0.2074,0.0,0.2,0.2,0.0,0.09,0.1432
0,589,0.0,0.0,0.0,0.0,0.0,0.0,0.0,0.2,0.1,0.0,0.04,0.0846,0.3333,0.2,0.1,0.6111,0.4567,0.2929,0.0,0.0,0.1,0.0,0.0,0.0336
0,590,0.0,0.0,0.3,0.0,0.0,0.1082,0.0,0.0,0.0,0.0,0.0,0.0,0.0,0.0,0.0,0.0,0.0,0.0,0.0,0.0,0.0,0.0,0.0,0.0
0,591,0.6667,0.4,0.3,0.8889,0.7133,0.5069,0.3333,0.2,0.1,0.2778,0.2567,0.1929,0.3333,0.2,0.2,0.2778,0.2567,0.2265,0.0,0.2,0.1,0.0,0.09,0.1096
0,592,0.6667,0.4,0.4,0.8889,0.7133,0.5437,0.3333,0.2,0.2,0.2778,0.2567,0.2575,0.0,0.2,0.1,0.0,0.09,0.1096,0.3333,0.2,0.1,0.6111,0.4567,0.2929
0,593,0.3333,0.4,0.4,0.6111,0.4967,0.4353,1.0,0.8,0.4,1.0,0.91,0.7132,0.6667,0.8,0.4,0.8889,0.8433,0.6799,0.6667,0.8,0.4,0.7222,0.7433,0.6299
0,594,0.0,0.2,0.1,0.0,0.09,0.1096,0.0,0.2,0.2,0.0,0.09,0.1307,0.3333,0.2,0.1,0.2778,0.2567,0.1929,0.0,0.0,0.2,0.0,0.0,0.0982
0,595,0.0,0.2,0.3,0.0,0.09,0.1952,0.3333,0.2,0.2,0.6111,0.4567,0.3574,0.0,0.2,0.2,0.0,0.04,0.0946,0.3333,0.2,0.2,0.6111,0.4567,0.314
0,596,0.6667,0.6,0.4,0.8889,0.7533,0.6349,0.3333,0.2,0.2,0.1111,0.1567,0.1908,0.0,0.0,0.1,0.0,0.0,0.01,0.3333,0.2,0.1,0.1111,0.1567,0.1429
0,597,0.3333,0.4,0.2,0.6111,0.4967,0.3774,0.3333,0.2,0.2,0.2778,0.2567,0.2029,0.3333,0.2,0.1,0.1111,0.1567,0.1429,0.3333,0.2,0.2,0.2778,0.2567,0.2029
0,598,0.6667,0.4,0.4,0.7222,0.6133,0.4937,0.3333,0.2,0.2,0.6111,0.4567,0.3574,0.3333,0.2,0.2,0.6111,0.4567,0.314,0.3333,0.2,0.1,0.6111,0.4567,0.2929
0,599,0.0,0.4,0.3,0.0,0.13,0.242,0.0,0.0,0.1,0.0,0.0,0.0479,0.0,0.0,0.2,0.0,0.0,0.0857,0.0,0.0,0.1,0.0,0.0,0.0211
0,600,0.0,0.0,0.0,0.0,0.0,0.0,0.0,0.0,0.0,0.0,0.0,0.0,0.0,0.0,0.0,0.0,0.0,0.0,0.0,0.0,0.0,0.0,0.0,0.0
0,601,0.6667,0.4,0.2,0.8889,0.7133,0.4858,0.3333,0.2,0.2,0.6111,0.4567,0.314,0.3333,0.2,0.1,0.6111,0.4567,0.2929,0.3333,0.2,0.2,0.6111,0.4567,0.3029
0,602,0.3333,0.2,0.3,0.2778,0.2567,0.2365,0.0,0.0,0.1,0.0,0.0,0.0211,0.0,0.0,0.0,0.0,0.0,0.0,0.0,0.0,0.0,0.0,0.0,0.0
0,603,0.3333,0.2,0.3,0.6111,0.4567,0.3786,0.3333,0.2,0.1,0.1111,0.1567,0.1429,0.0,0.2,0.2,0.0,0.04,0.1491,0.0,0.0,0.3,0.0,0.0,0.1082
0,604,0.0,0.0,0.0,0.0,0.0,0.0,0.0,0.0,0.1,0.0,0.0,0.0211,0.0,0.0,0.1,0.0,0.0,0.0211,0.0,0.0,0.2,0.0,0.0,0.1125
0,605,0.3333,0.4,0.3,0.2778,0.3467,0.3503,0.6667,0.6,0.3,0.8889,0.7533,0.5704,0.6667,0.4,0.2,0.8889,0.7133,0.4858,0.6667,0.4,0.3,0.8889,0.7133,0.5069
0,606,0.3333,0.2,0.2,0.1111,0.1567,0.2074,0.0,0.0,0.0,0.0,0.0,0.0,0.0,0.0,0.0,0.0,0.0,0.0,0.0,0.0,0.0,0.0,0.0,0.0
0,607,0.3333,0.2,0.1,0.6111,0.4567,0.2929,0.0,0.4,0.4,0.0,0.13,0.2687,0.0,0.0,0.2,0.0,0.0,0.1125,0.6667,0.4,0.3,0.8889,0.7133,0.5504
0,608,0.0,0.0,0.1,0.0,0.0,0.0336,0.0,0.0,0.1,0.0,0.0,0.0336,0.0,0.0,0.1,0.0,0.0,0.01,0.0,0.0,0.1,0.0,0.0,0.0646
0,610,0.3333,0.4,0.2,0.1111,0.2467,0.2524,0.6667,0.4,0.2,0.3889,0.4133,0.3358,0.6667,0.4,0.3,0.3889,0.4133,0.3694,0.3333,0.2,0.2,0.2778,0.2567,0.2575
